/*
Navicat MySQL Data Transfer

Source Server         : qsr
Source Server Version : 50130
Source Host           : localhost:3306
Source Database       : db_elegant

Target Server Type    : MYSQL
Target Server Version : 50130
File Encoding         : 65001

Date: 2010-03-21 06:07:25
*/

SET FOREIGN_KEY_CHECKS=0;
-- ----------------------------
-- Table structure for `admin`
-- ----------------------------
DROP TABLE IF EXISTS `admin`;
CREATE TABLE `admin` (
  `id` bigint(10) NOT NULL AUTO_INCREMENT,
  `usename` varchar(200) DEFAULT NULL,
  `usepass` varchar(200) DEFAULT NULL,
  PRIMARY KEY (`id`)
) ENGINE=InnoDB AUTO_INCREMENT=2 DEFAULT CHARSET=utf8;

-- ----------------------------
-- Records of admin
-- ----------------------------
INSERT INTO `admin` VALUES ('1', 'admin', 'admin');

-- ----------------------------
-- Table structure for `cases`
-- ----------------------------
DROP TABLE IF EXISTS `cases`;
CREATE TABLE `cases` (
  `id` bigint(20) NOT NULL AUTO_INCREMENT,
  `casetitle` varchar(200) DEFAULT NULL,
  `catid` bigint(20) DEFAULT NULL,
  `casepic` varchar(256) DEFAULT NULL,
  `casedesc` text,
  PRIMARY KEY (`id`)
) ENGINE=InnoDB AUTO_INCREMENT=13 DEFAULT CHARSET=utf8;

-- ----------------------------
-- Records of cases
-- ----------------------------
INSERT INTO `cases` VALUES ('1', '上海万达商业广场', '2', null, '<p>&nbsp;</p>\r\n<p><span style=\"widows: 2; text-transform: none; text-indent: 0px; border-collapse: separate; font: medium Simsun; white-space: normal; orphans: 2; letter-spacing: normal; color: rgb(0,0,0); word-spacing: 0px; -webkit-border-horizontal-spacing: 0px; -webkit-border-vertical-spacing: 0px; -webkit-text-decorations-in-effect: none; -webkit-text-size-adjust: auto; -webkit-text-stroke-width: 0px\" class=\"Apple-style-span\"><span style=\"text-align: left; line-height: 18px; font-family: verdana, sans-serif; font-size: 12px\" class=\"Apple-style-span\">&nbsp;&nbsp;&nbsp;&nbsp;</span></span></p>\r\n<p style=\"line-height: 25px; text-indent: 25px; font-size: 14px\">美国时间3月17日，在Oracle收购Sun Microsystems之后，Java之父James Gosling首度在公开场合露面，他一如既往保持着对Java的高度关注，并表示Java在Oracle的掌管下令人放心，随后他还透露了Java的发展方向。</p>\r\n<p style=\"line-height: 25px; text-indent: 25px; font-size: 14px\">Gosling是在TheServerSide Java Symposium上发表这份公开说明的，当时他的报告主题是Java Today and Tomorrow。他表示目睹了Oracle掌舵Java的方向之后，他深受鼓舞，Java的未来不需要担忧，关于Java的运营以及其技术的发展仍在向着有利的方向继续。</p>\r\n<p style=\"line-height: 25px; text-indent: 25px; font-size: 14px\">Gosling还公布了一份最新的Java报告，比如JRE (Java Runtime Environment)的每周下载量为1500万；共有100亿个Java-enabled的应用；10亿个Java-enabled的桌面；一亿个Java-enabled的TV设备；26亿个Java-enabled的移动设备；55亿个Java智能卡以及超过650万名Java开发者。</p>\r\n<p style=\"line-height: 25px; text-indent: 25px; font-size: 14px\">尽管目前大家看到的大多是Oracle在企业端Java的努力，但Gosling表示，Oracle同样也在致力于Java在桌面端、嵌入式、移动领域、高性能计算机及其他系统方面的发展。他说，所有这一切的原则是网络，网络将这些应用和功能链接。</p>\r\n<p style=\"line-height: 25px; text-indent: 25px; font-size: 14px\">谈到企业端Java，Gosling表示Java EE 6 (Java Platform, Enterprise Edition 6)将是下一代企业软件的基础， Java社区及许多开发者在2009年11月促使了Java EE 6 specification的认可，并发布和升级了一些Java API，Gosling对此表示感谢。</p>\r\n<p style=\"line-height: 25px; text-indent: 25px; font-size: 14px\">Gosling表示，Java EE 6以模块化为中心，引入了profiles的概念，但是有两个profiles，一个是full profile，另一个是Web profile。Web profile是第一个被定义的Java EE profile，对于现代Web应用开发它是一个功能全面的中型堆栈。</p>');
INSERT INTO `cases` VALUES ('2', '美食一条街', '2', null, '<p>&nbsp;</p>\r\n<p><span style=\"widows: 2; text-transform: none; text-indent: 0px; border-collapse: separate; font: medium Simsun; white-space: normal; orphans: 2; letter-spacing: normal; color: rgb(0,0,0); word-spacing: 0px; -webkit-border-horizontal-spacing: 0px; -webkit-border-vertical-spacing: 0px; -webkit-text-decorations-in-effect: none; -webkit-text-size-adjust: auto; -webkit-text-stroke-width: 0px\" class=\"Apple-style-span\"><span style=\"text-align: left; line-height: 18px; font-family: verdana, sans-serif; font-size: 12px\" class=\"Apple-style-span\">\r\n<p style=\"line-height: 25px; text-indent: 25px; font-size: 14px\">美国时间3月17日，在Oracle收购Sun Microsystems之后，Java之父James Gosling首度在公开场合露面，他一如既往保持着对Java的高度关注，并表示Java在Oracle的掌管下令人放心，随后他还透露了Java的发展方向。</p>\r\n<p style=\"line-height: 25px; text-indent: 25px; font-size: 14px\">Gosling是在TheServerSide Java Symposium上发表这份公开说明的，当时他的报告主题是Java Today and Tomorrow。他表示目睹了Oracle掌舵Java的方向之后，他深受鼓舞，Java的未来不需要担忧，关于Java的运营以及其技术的发展仍在向着有利的方向继续。</p>\r\n<p style=\"line-height: 25px; text-indent: 25px; font-size: 14px\">Gosling还公布了一份最新的Java报告，比如JRE (Java Runtime Environment)的每周下载量为1500万；共有100亿个Java-enabled的应用；10亿个Java-enabled的桌面；一亿个Java-enabled的TV设备；26亿个Java-enabled的移动设备；55亿个Java智能卡以及超过650万名Java开发者。</p>\r\n<p style=\"line-height: 25px; text-indent: 25px; font-size: 14px\">尽管目前大家看到的大多是Oracle在企业端Java的努力，但Gosling表示，Oracle同样也在致力于Java在桌面端、嵌入式、移动领域、高性能计算机及其他系统方面的发展。他说，所有这一切的原则是网络，网络将这些应用和功能链接。</p>\r\n<p style=\"line-height: 25px; text-indent: 25px; font-size: 14px\">谈到企业端Java，Gosling表示Java EE 6 (Java Platform, Enterprise Edition 6)将是下一代企业软件的基础， Java社区及许多开发者在2009年11月促使了Java EE 6 specification的认可，并发布和升级了一些Java API，Gosling对此表示感谢。</p>\r\n<p style=\"line-height: 25px; text-indent: 25px; font-size: 14px\">Gosling表示，Java EE 6以模块化为中心，引入了profiles的概念，但是有两个profiles，一个是full profile，另一个是Web profile。Web profile是第一个被定义的Java EE profile，对于现代Web应用开发它是一个功能全面的中型堆栈。</p>\r\n</span></span></p>');
INSERT INTO `cases` VALUES ('3', '上海大剧院', '2', null, '<p>&nbsp;</p>\r\n<p><span style=\"widows: 2; text-transform: none; text-indent: 0px; border-collapse: separate; font: medium Simsun; white-space: normal; orphans: 2; letter-spacing: normal; color: rgb(0,0,0); word-spacing: 0px; -webkit-border-horizontal-spacing: 0px; -webkit-border-vertical-spacing: 0px; -webkit-text-decorations-in-effect: none; -webkit-text-size-adjust: auto; -webkit-text-stroke-width: 0px\" class=\"Apple-style-span\"><span style=\"text-align: left; line-height: 18px; font-family: verdana, sans-serif; font-size: 12px\" class=\"Apple-style-span\">\r\n<p style=\"line-height: 25px; text-indent: 25px; font-size: 14px\">美国时间3月17日，在Oracle收购Sun Microsystems之后，Java之父James Gosling首度在公开场合露面，他一如既往保持着对Java的高度关注，并表示Java在Oracle的掌管下令人放心，随后他还透露了Java的发展方向。</p>\r\n<p style=\"line-height: 25px; text-indent: 25px; font-size: 14px\">Gosling是在TheServerSide Java Symposium上发表这份公开说明的，当时他的报告主题是Java Today and Tomorrow。他表示目睹了Oracle掌舵Java的方向之后，他深受鼓舞，Java的未来不需要担忧，关于Java的运营以及其技术的发展仍在向着有利的方向继续。</p>\r\n<p style=\"line-height: 25px; text-indent: 25px; font-size: 14px\">Gosling还公布了一份最新的Java报告，比如JRE (Java Runtime Environment)的每周下载量为1500万；共有100亿个Java-enabled的应用；10亿个Java-enabled的桌面；一亿个Java-enabled的TV设备；26亿个Java-enabled的移动设备；55亿个Java智能卡以及超过650万名Java开发者。</p>\r\n<p style=\"line-height: 25px; text-indent: 25px; font-size: 14px\">尽管目前大家看到的大多是Oracle在企业端Java的努力，但Gosling表示，Oracle同样也在致力于Java在桌面端、嵌入式、移动领域、高性能计算机及其他系统方面的发展。他说，所有这一切的原则是网络，网络将这些应用和功能链接。</p>\r\n<p style=\"line-height: 25px; text-indent: 25px; font-size: 14px\">谈到企业端Java，Gosling表示Java EE 6 (Java Platform, Enterprise Edition 6)将是下一代企业软件的基础， Java社区及许多开发者在2009年11月促使了Java EE 6 specification的认可，并发布和升级了一些Java API，Gosling对此表示感谢。</p>\r\n<p style=\"line-height: 25px; text-indent: 25px; font-size: 14px\">Gosling表示，Java EE 6以模块化为中心，引入了profiles的概念，但是有两个profiles，一个是full profile，另一个是Web profile。Web profile是第一个被定义的Java EE profile，对于现代Web应用开发它是一个功能全面的中型堆栈。</p>\r\n</span></span></p>');
INSERT INTO `cases` VALUES ('4', '上海万达商业广场', '2', null, '<p><span style=\"widows: 2; text-transform: none; text-indent: 0px; border-collapse: separate; font: medium Simsun; white-space: normal; orphans: 2; letter-spacing: normal; color: rgb(0,0,0); word-spacing: 0px; -webkit-border-horizontal-spacing: 0px; -webkit-border-vertical-spacing: 0px; -webkit-text-decorations-in-effect: none; -webkit-text-size-adjust: auto; -webkit-text-stroke-width: 0px\" class=\"Apple-style-span\"><span style=\"text-align: left; line-height: 18px; font-family: verdana, sans-serif; font-size: 12px\" class=\"Apple-style-span\">&nbsp;</span></span></p>\r\n<p style=\"line-height: 25px; text-indent: 25px; font-size: 14px\">美国时间3月17日，在Oracle收购Sun Microsystems之后，Java之父James Gosling首度在公开场合露面，他一如既往保持着对Java的高度关注，并表示Java在Oracle的掌管下令人放心，随后他还透露了Java的发展方向。</p>\r\n<p style=\"line-height: 25px; text-indent: 25px; font-size: 14px\">Gosling是在TheServerSide Java Symposium上发表这份公开说明的，当时他的报告主题是Java Today and Tomorrow。他表示目睹了Oracle掌舵Java的方向之后，他深受鼓舞，Java的未来不需要担忧，关于Java的运营以及其技术的发展仍在向着有利的方向继续。</p>\r\n<p style=\"line-height: 25px; text-indent: 25px; font-size: 14px\">Gosling还公布了一份最新的Java报告，比如JRE (Java Runtime Environment)的每周下载量为1500万；共有100亿个Java-enabled的应用；10亿个Java-enabled的桌面；一亿个Java-enabled的TV设备；26亿个Java-enabled的移动设备；55亿个Java智能卡以及超过650万名Java开发者。</p>\r\n<p style=\"line-height: 25px; text-indent: 25px; font-size: 14px\">尽管目前大家看到的大多是Oracle在企业端Java的努力，但Gosling表示，Oracle同样也在致力于Java在桌面端、嵌入式、移动领域、高性能计算机及其他系统方面的发展。他说，所有这一切的原则是网络，网络将这些应用和功能链接。</p>\r\n<p style=\"line-height: 25px; text-indent: 25px; font-size: 14px\">谈到企业端Java，Gosling表示Java EE 6 (Java Platform, Enterprise Edition 6)将是下一代企业软件的基础， Java社区及许多开发者在2009年11月促使了Java EE 6 specification的认可，并发布和升级了一些Java API，Gosling对此表示感谢。</p>\r\n<p style=\"line-height: 25px; text-indent: 25px; font-size: 14px\">Gosling表示，Java EE 6以模块化为中心，引入了profiles的概念，但是有两个profiles，一个是full profile，另一个是Web profile。Web profile是第一个被定义的Java EE profile，对于现代Web应用开发它是一个功能全面的中型堆栈。</p>');
INSERT INTO `cases` VALUES ('5', '美食一条街', '2', null, '<p>&nbsp;</p>\r\n<p>\r\n<p>&nbsp;</p>\r\n</p>\r\n<p style=\"line-height: 25px; text-indent: 25px; font-size: 14px\">美国时间3月17日，在Oracle收购Sun Microsystems之后，Java之父James Gosling首度在公开场合露面，他一如既往保持着对Java的高度关注，并表示Java在Oracle的掌管下令人放心，随后他还透露了Java的发展方向。</p>\r\n<p style=\"line-height: 25px; text-indent: 25px; font-size: 14px\">Gosling是在TheServerSide Java Symposium上发表这份公开说明的，当时他的报告主题是Java Today and Tomorrow。他表示目睹了Oracle掌舵Java的方向之后，他深受鼓舞，Java的未来不需要担忧，关于Java的运营以及其技术的发展仍在向着有利的方向继续。</p>\r\n<p style=\"line-height: 25px; text-indent: 25px; font-size: 14px\">Gosling还公布了一份最新的Java报告，比如JRE (Java Runtime Environment)的每周下载量为1500万；共有100亿个Java-enabled的应用；10亿个Java-enabled的桌面；一亿个Java-enabled的TV设备；26亿个Java-enabled的移动设备；55亿个Java智能卡以及超过650万名Java开发者。</p>\r\n<p style=\"line-height: 25px; text-indent: 25px; font-size: 14px\">尽管目前大家看到的大多是Oracle在企业端Java的努力，但Gosling表示，Oracle同样也在致力于Java在桌面端、嵌入式、移动领域、高性能计算机及其他系统方面的发展。他说，所有这一切的原则是网络，网络将这些应用和功能链接。</p>\r\n<p style=\"line-height: 25px; text-indent: 25px; font-size: 14px\">谈到企业端Java，Gosling表示Java EE 6 (Java Platform, Enterprise Edition 6)将是下一代企业软件的基础， Java社区及许多开发者在2009年11月促使了Java EE 6 specification的认可，并发布和升级了一些Java API，Gosling对此表示感谢。</p>\r\n<p style=\"line-height: 25px; text-indent: 25px; font-size: 14px\">Gosling表示，Java EE 6以模块化为中心，引入了profiles的概念，但是有两个profiles，一个是full profile，另一个是Web profile。Web profile是第一个被定义的Java EE profile，对于现代Web应用开发它是一个功能全面的中型堆栈。</p>');
INSERT INTO `cases` VALUES ('6', '上海大剧院', '2', null, '<p>&nbsp;</p>\r\n<p>\r\n<p>&nbsp;</p>\r\n</p>\r\n<p style=\"line-height: 25px; text-indent: 25px; font-size: 14px\">美国时间3月17日，在Oracle收购Sun Microsystems之后，Java之父James Gosling首度在公开场合露面，他一如既往保持着对Java的高度关注，并表示Java在Oracle的掌管下令人放心，随后他还透露了Java的发展方向。</p>\r\n<p style=\"line-height: 25px; text-indent: 25px; font-size: 14px\">Gosling是在TheServerSide Java Symposium上发表这份公开说明的，当时他的报告主题是Java Today and Tomorrow。他表示目睹了Oracle掌舵Java的方向之后，他深受鼓舞，Java的未来不需要担忧，关于Java的运营以及其技术的发展仍在向着有利的方向继续。</p>\r\n<p style=\"line-height: 25px; text-indent: 25px; font-size: 14px\">Gosling还公布了一份最新的Java报告，比如JRE (Java Runtime Environment)的每周下载量为1500万；共有100亿个Java-enabled的应用；10亿个Java-enabled的桌面；一亿个Java-enabled的TV设备；26亿个Java-enabled的移动设备；55亿个Java智能卡以及超过650万名Java开发者。</p>\r\n<p style=\"line-height: 25px; text-indent: 25px; font-size: 14px\">尽管目前大家看到的大多是Oracle在企业端Java的努力，但Gosling表示，Oracle同样也在致力于Java在桌面端、嵌入式、移动领域、高性能计算机及其他系统方面的发展。他说，所有这一切的原则是网络，网络将这些应用和功能链接。</p>\r\n<p style=\"line-height: 25px; text-indent: 25px; font-size: 14px\">谈到企业端Java，Gosling表示Java EE 6 (Java Platform, Enterprise Edition 6)将是下一代企业软件的基础， Java社区及许多开发者在2009年11月促使了Java EE 6 specification的认可，并发布和升级了一些Java API，Gosling对此表示感谢。</p>\r\n<p style=\"line-height: 25px; text-indent: 25px; font-size: 14px\">Gosling表示，Java EE 6以模块化为中心，引入了profiles的概念，但是有两个profiles，一个是full profile，另一个是Web profile。Web profile是第一个被定义的Java EE profile，对于现代Web应用开发它是一个功能全面的中型堆栈。</p>');
INSERT INTO `cases` VALUES ('7', '上海万达商业广场', '2', null, '<p>&nbsp;</p>\r\n<p><span style=\"widows: 2; text-transform: none; text-indent: 0px; border-collapse: separate; font: medium Simsun; white-space: normal; orphans: 2; letter-spacing: normal; color: rgb(0,0,0); word-spacing: 0px; -webkit-border-horizontal-spacing: 0px; -webkit-border-vertical-spacing: 0px; -webkit-text-decorations-in-effect: none; -webkit-text-size-adjust: auto; -webkit-text-stroke-width: 0px\" class=\"Apple-style-span\"><span style=\"text-align: left; line-height: 18px; font-family: verdana, sans-serif; font-size: 12px\" class=\"Apple-style-span\">&nbsp;&nbsp;&nbsp;&nbsp;</span></span></p>\r\n<p style=\"line-height: 25px; text-indent: 25px; font-size: 14px\">美国时间3月17日，在Oracle收购Sun Microsystems之后，Java之父James Gosling首度在公开场合露面，他一如既往保持着对Java的高度关注，并表示Java在Oracle的掌管下令人放心，随后他还透露了Java的发展方向。</p>\r\n<p style=\"line-height: 25px; text-indent: 25px; font-size: 14px\">Gosling是在TheServerSide Java Symposium上发表这份公开说明的，当时他的报告主题是Java Today and Tomorrow。他表示目睹了Oracle掌舵Java的方向之后，他深受鼓舞，Java的未来不需要担忧，关于Java的运营以及其技术的发展仍在向着有利的方向继续。</p>\r\n<p style=\"line-height: 25px; text-indent: 25px; font-size: 14px\">Gosling还公布了一份最新的Java报告，比如JRE (Java Runtime Environment)的每周下载量为1500万；共有100亿个Java-enabled的应用；10亿个Java-enabled的桌面；一亿个Java-enabled的TV设备；26亿个Java-enabled的移动设备；55亿个Java智能卡以及超过650万名Java开发者。</p>\r\n<p style=\"line-height: 25px; text-indent: 25px; font-size: 14px\">尽管目前大家看到的大多是Oracle在企业端Java的努力，但Gosling表示，Oracle同样也在致力于Java在桌面端、嵌入式、移动领域、高性能计算机及其他系统方面的发展。他说，所有这一切的原则是网络，网络将这些应用和功能链接。</p>\r\n<p style=\"line-height: 25px; text-indent: 25px; font-size: 14px\">谈到企业端Java，Gosling表示Java EE 6 (Java Platform, Enterprise Edition 6)将是下一代企业软件的基础， Java社区及许多开发者在2009年11月促使了Java EE 6 specification的认可，并发布和升级了一些Java API，Gosling对此表示感谢。</p>\r\n<p style=\"line-height: 25px; text-indent: 25px; font-size: 14px\">Gosling表示，Java EE 6以模块化为中心，引入了profiles的概念，但是有两个profiles，一个是full profile，另一个是Web profile。Web profile是第一个被定义的Java EE profile，对于现代Web应用开发它是一个功能全面的中型堆栈。</p>');
INSERT INTO `cases` VALUES ('8', '美食一条街', '2', null, '<p>&nbsp;</p>\r\n<p>\r\n<p>&nbsp;</p>\r\n</p>\r\n<p style=\"line-height: 25px; text-indent: 25px; font-size: 14px\">美国时间3月17日，在Oracle收购Sun Microsystems之后，Java之父James Gosling首度在公开场合露面，他一如既往保持着对Java的高度关注，并表示Java在Oracle的掌管下令人放心，随后他还透露了Java的发展方向。</p>\r\n<p style=\"line-height: 25px; text-indent: 25px; font-size: 14px\">Gosling是在TheServerSide Java Symposium上发表这份公开说明的，当时他的报告主题是Java Today and Tomorrow。他表示目睹了Oracle掌舵Java的方向之后，他深受鼓舞，Java的未来不需要担忧，关于Java的运营以及其技术的发展仍在向着有利的方向继续。</p>\r\n<p style=\"line-height: 25px; text-indent: 25px; font-size: 14px\">Gosling还公布了一份最新的Java报告，比如JRE (Java Runtime Environment)的每周下载量为1500万；共有100亿个Java-enabled的应用；10亿个Java-enabled的桌面；一亿个Java-enabled的TV设备；26亿个Java-enabled的移动设备；55亿个Java智能卡以及超过650万名Java开发者。</p>\r\n<p style=\"line-height: 25px; text-indent: 25px; font-size: 14px\">尽管目前大家看到的大多是Oracle在企业端Java的努力，但Gosling表示，Oracle同样也在致力于Java在桌面端、嵌入式、移动领域、高性能计算机及其他系统方面的发展。他说，所有这一切的原则是网络，网络将这些应用和功能链接。</p>\r\n<p style=\"line-height: 25px; text-indent: 25px; font-size: 14px\">谈到企业端Java，Gosling表示Java EE 6 (Java Platform, Enterprise Edition 6)将是下一代企业软件的基础， Java社区及许多开发者在2009年11月促使了Java EE 6 specification的认可，并发布和升级了一些Java API，Gosling对此表示感谢。</p>\r\n<p style=\"line-height: 25px; text-indent: 25px; font-size: 14px\">Gosling表示，Java EE 6以模块化为中心，引入了profiles的概念，但是有两个profiles，一个是full profile，另一个是Web profile。Web profile是第一个被定义的Java EE profile，对于现代Web应用开发它是一个功能全面的中型堆栈。</p>');
INSERT INTO `cases` VALUES ('9', '上海大剧院', '2', null, '<p>&nbsp;</p>\r\n<p>\r\n<p>&nbsp;</p>\r\n</p>\r\n<p style=\"line-height: 25px; text-indent: 25px; font-size: 14px\">美国时间3月17日，在Oracle收购Sun Microsystems之后，Java之父James Gosling首度在公开场合露面，他一如既往保持着对Java的高度关注，并表示Java在Oracle的掌管下令人放心，随后他还透露了Java的发展方向。</p>\r\n<p style=\"line-height: 25px; text-indent: 25px; font-size: 14px\">Gosling是在TheServerSide Java Symposium上发表这份公开说明的，当时他的报告主题是Java Today and Tomorrow。他表示目睹了Oracle掌舵Java的方向之后，他深受鼓舞，Java的未来不需要担忧，关于Java的运营以及其技术的发展仍在向着有利的方向继续。</p>\r\n<p style=\"line-height: 25px; text-indent: 25px; font-size: 14px\">Gosling还公布了一份最新的Java报告，比如JRE (Java Runtime Environment)的每周下载量为1500万；共有100亿个Java-enabled的应用；10亿个Java-enabled的桌面；一亿个Java-enabled的TV设备；26亿个Java-enabled的移动设备；55亿个Java智能卡以及超过650万名Java开发者。</p>\r\n<p style=\"line-height: 25px; text-indent: 25px; font-size: 14px\">尽管目前大家看到的大多是Oracle在企业端Java的努力，但Gosling表示，Oracle同样也在致力于Java在桌面端、嵌入式、移动领域、高性能计算机及其他系统方面的发展。他说，所有这一切的原则是网络，网络将这些应用和功能链接。</p>\r\n<p style=\"line-height: 25px; text-indent: 25px; font-size: 14px\">谈到企业端Java，Gosling表示Java EE 6 (Java Platform, Enterprise Edition 6)将是下一代企业软件的基础， Java社区及许多开发者在2009年11月促使了Java EE 6 specification的认可，并发布和升级了一些Java API，Gosling对此表示感谢。</p>\r\n<p style=\"line-height: 25px; text-indent: 25px; font-size: 14px\">Gosling表示，Java EE 6以模块化为中心，引入了profiles的概念，但是有两个profiles，一个是full profile，另一个是Web profile。Web profile是第一个被定义的Java EE profile，对于现代Web应用开发它是一个功能全面的中型堆栈。</p>');
INSERT INTO `cases` VALUES ('10', '上海万达商业广场', '2', null, '<p>&nbsp;</p>\r\n<p><span style=\"widows: 2; text-transform: none; text-indent: 0px; border-collapse: separate; font: medium Simsun; white-space: normal; orphans: 2; letter-spacing: normal; color: rgb(0,0,0); word-spacing: 0px; -webkit-border-horizontal-spacing: 0px; -webkit-border-vertical-spacing: 0px; -webkit-text-decorations-in-effect: none; -webkit-text-size-adjust: auto; -webkit-text-stroke-width: 0px\" class=\"Apple-style-span\"><span style=\"text-align: left; line-height: 18px; font-family: verdana, sans-serif; font-size: 12px\" class=\"Apple-style-span\">&nbsp;&nbsp;&nbsp;&nbsp;</span></span></p>\r\n<p style=\"line-height: 25px; text-indent: 25px; font-size: 14px\">美国时间3月17日，在Oracle收购Sun Microsystems之后，Java之父James Gosling首度在公开场合露面，他一如既往保持着对Java的高度关注，并表示Java在Oracle的掌管下令人放心，随后他还透露了Java的发展方向。</p>\r\n<p style=\"line-height: 25px; text-indent: 25px; font-size: 14px\">Gosling是在TheServerSide Java Symposium上发表这份公开说明的，当时他的报告主题是Java Today and Tomorrow。他表示目睹了Oracle掌舵Java的方向之后，他深受鼓舞，Java的未来不需要担忧，关于Java的运营以及其技术的发展仍在向着有利的方向继续。</p>\r\n<p style=\"line-height: 25px; text-indent: 25px; font-size: 14px\">Gosling还公布了一份最新的Java报告，比如JRE (Java Runtime Environment)的每周下载量为1500万；共有100亿个Java-enabled的应用；10亿个Java-enabled的桌面；一亿个Java-enabled的TV设备；26亿个Java-enabled的移动设备；55亿个Java智能卡以及超过650万名Java开发者。</p>\r\n<p style=\"line-height: 25px; text-indent: 25px; font-size: 14px\">尽管目前大家看到的大多是Oracle在企业端Java的努力，但Gosling表示，Oracle同样也在致力于Java在桌面端、嵌入式、移动领域、高性能计算机及其他系统方面的发展。他说，所有这一切的原则是网络，网络将这些应用和功能链接。</p>\r\n<p style=\"line-height: 25px; text-indent: 25px; font-size: 14px\">谈到企业端Java，Gosling表示Java EE 6 (Java Platform, Enterprise Edition 6)将是下一代企业软件的基础， Java社区及许多开发者在2009年11月促使了Java EE 6 specification的认可，并发布和升级了一些Java API，Gosling对此表示感谢。</p>\r\n<p style=\"line-height: 25px; text-indent: 25px; font-size: 14px\">Gosling表示，Java EE 6以模块化为中心，引入了profiles的概念，但是有两个profiles，一个是full profile，另一个是Web profile。Web profile是第一个被定义的Java EE profile，对于现代Web应用开发它是一个功能全面的中型堆栈。</p>');
INSERT INTO `cases` VALUES ('11', '美食一条街', '2', null, '<p>&nbsp;</p>\r\n<p>\r\n<p>&nbsp;</p>\r\n</p>\r\n<p style=\"line-height: 25px; text-indent: 25px; font-size: 14px\">美国时间3月17日，在Oracle收购Sun Microsystems之后，Java之父James Gosling首度在公开场合露面，他一如既往保持着对Java的高度关注，并表示Java在Oracle的掌管下令人放心，随后他还透露了Java的发展方向。</p>\r\n<p style=\"line-height: 25px; text-indent: 25px; font-size: 14px\">Gosling是在TheServerSide Java Symposium上发表这份公开说明的，当时他的报告主题是Java Today and Tomorrow。他表示目睹了Oracle掌舵Java的方向之后，他深受鼓舞，Java的未来不需要担忧，关于Java的运营以及其技术的发展仍在向着有利的方向继续。</p>\r\n<p style=\"line-height: 25px; text-indent: 25px; font-size: 14px\">Gosling还公布了一份最新的Java报告，比如JRE (Java Runtime Environment)的每周下载量为1500万；共有100亿个Java-enabled的应用；10亿个Java-enabled的桌面；一亿个Java-enabled的TV设备；26亿个Java-enabled的移动设备；55亿个Java智能卡以及超过650万名Java开发者。</p>\r\n<p style=\"line-height: 25px; text-indent: 25px; font-size: 14px\">尽管目前大家看到的大多是Oracle在企业端Java的努力，但Gosling表示，Oracle同样也在致力于Java在桌面端、嵌入式、移动领域、高性能计算机及其他系统方面的发展。他说，所有这一切的原则是网络，网络将这些应用和功能链接。</p>\r\n<p style=\"line-height: 25px; text-indent: 25px; font-size: 14px\">谈到企业端Java，Gosling表示Java EE 6 (Java Platform, Enterprise Edition 6)将是下一代企业软件的基础， Java社区及许多开发者在2009年11月促使了Java EE 6 specification的认可，并发布和升级了一些Java API，Gosling对此表示感谢。</p>\r\n<p style=\"line-height: 25px; text-indent: 25px; font-size: 14px\">Gosling表示，Java EE 6以模块化为中心，引入了profiles的概念，但是有两个profiles，一个是full profile，另一个是Web profile。Web profile是第一个被定义的Java EE profile，对于现代Web应用开发它是一个功能全面的中型堆栈。</p>');
INSERT INTO `cases` VALUES ('12', '上海大剧院', '2', null, '<p>&nbsp;</p>\r\n<p>\r\n<p>&nbsp;</p>\r\n</p>\r\n<p style=\"line-height: 25px; text-indent: 25px; font-size: 14px\">美国时间3月17日，在Oracle收购Sun Microsystems之后，Java之父James Gosling首度在公开场合露面，他一如既往保持着对Java的高度关注，并表示Java在Oracle的掌管下令人放心，随后他还透露了Java的发展方向。</p>\r\n<p style=\"line-height: 25px; text-indent: 25px; font-size: 14px\">Gosling是在TheServerSide Java Symposium上发表这份公开说明的，当时他的报告主题是Java Today and Tomorrow。他表示目睹了Oracle掌舵Java的方向之后，他深受鼓舞，Java的未来不需要担忧，关于Java的运营以及其技术的发展仍在向着有利的方向继续。</p>\r\n<p style=\"line-height: 25px; text-indent: 25px; font-size: 14px\">Gosling还公布了一份最新的Java报告，比如JRE (Java Runtime Environment)的每周下载量为1500万；共有100亿个Java-enabled的应用；10亿个Java-enabled的桌面；一亿个Java-enabled的TV设备；26亿个Java-enabled的移动设备；55亿个Java智能卡以及超过650万名Java开发者。</p>\r\n<p style=\"line-height: 25px; text-indent: 25px; font-size: 14px\">尽管目前大家看到的大多是Oracle在企业端Java的努力，但Gosling表示，Oracle同样也在致力于Java在桌面端、嵌入式、移动领域、高性能计算机及其他系统方面的发展。他说，所有这一切的原则是网络，网络将这些应用和功能链接。</p>\r\n<p style=\"line-height: 25px; text-indent: 25px; font-size: 14px\">谈到企业端Java，Gosling表示Java EE 6 (Java Platform, Enterprise Edition 6)将是下一代企业软件的基础， Java社区及许多开发者在2009年11月促使了Java EE 6 specification的认可，并发布和升级了一些Java API，Gosling对此表示感谢。</p>\r\n<p style=\"line-height: 25px; text-indent: 25px; font-size: 14px\">Gosling表示，Java EE 6以模块化为中心，引入了profiles的概念，但是有两个profiles，一个是full profile，另一个是Web profile。Web profile是第一个被定义的Java EE profile，对于现代Web应用开发它是一个功能全面的中型堆栈。</p>');

-- ----------------------------
-- Table structure for `casescat`
-- ----------------------------
DROP TABLE IF EXISTS `casescat`;
CREATE TABLE `casescat` (
  `id` bigint(20) NOT NULL AUTO_INCREMENT,
  `catname` varchar(200) DEFAULT NULL,
  `catorder` bigint(20) DEFAULT NULL,
  PRIMARY KEY (`id`)
) ENGINE=InnoDB AUTO_INCREMENT=4 DEFAULT CHARSET=utf8;

-- ----------------------------
-- Records of casescat
-- ----------------------------
INSERT INTO `casescat` VALUES ('1', '景观', '1');
INSERT INTO `casescat` VALUES ('2', '建筑', '2');
INSERT INTO `casescat` VALUES ('3', '规划', '3');

-- ----------------------------
-- Table structure for `consulting`
-- ----------------------------
DROP TABLE IF EXISTS `consulting`;
CREATE TABLE `consulting` (
  `id` bigint(20) NOT NULL AUTO_INCREMENT,
  `title` varchar(200) DEFAULT NULL,
  `company` varchar(200) DEFAULT NULL,
  `phone` varchar(200) DEFAULT NULL,
  `content` text,
  PRIMARY KEY (`id`)
) ENGINE=InnoDB DEFAULT CHARSET=utf8;

-- ----------------------------
-- Records of consulting
-- ----------------------------

-- ----------------------------
-- Table structure for `friendlink`
-- ----------------------------
DROP TABLE IF EXISTS `friendlink`;
CREATE TABLE `friendlink` (
  `id` bigint(20) NOT NULL AUTO_INCREMENT,
  `linkname` varchar(200) DEFAULT NULL,
  `linkaddress` varchar(256) DEFAULT NULL,
  `linkorder` bigint(20) DEFAULT NULL,
  PRIMARY KEY (`id`)
) ENGINE=InnoDB AUTO_INCREMENT=7 DEFAULT CHARSET=utf8;

-- ----------------------------
-- Records of friendlink
-- ----------------------------
INSERT INTO `friendlink` VALUES ('1', '中国景观设计论坛', 'http://www.google.cn', '1');
INSERT INTO `friendlink` VALUES ('2', '未来水晶石', 'http://www.google.cn', '2');
INSERT INTO `friendlink` VALUES ('3', '第一设计之家', 'http://www.google.cn', '3');
INSERT INTO `friendlink` VALUES ('4', '中国景观设计论坛', 'http://www.google.cn', '4');
INSERT INTO `friendlink` VALUES ('5', '未来水晶石', 'http://www.google.cn', '5');
INSERT INTO `friendlink` VALUES ('6', '第一设计之家', 'http://www.google.cn', '6');

-- ----------------------------
-- Table structure for `news`
-- ----------------------------
DROP TABLE IF EXISTS `news`;
CREATE TABLE `news` (
  `id` bigint(20) NOT NULL AUTO_INCREMENT,
  `newstitle` varchar(200) NOT NULL,
  `catid` bigint(20) NOT NULL,
  `newsdesc` text NOT NULL,
  `pubtime` timestamp NOT NULL DEFAULT CURRENT_TIMESTAMP ON UPDATE CURRENT_TIMESTAMP,
  `newsimg` varchar(256) DEFAULT NULL,
  PRIMARY KEY (`id`)
) ENGINE=InnoDB AUTO_INCREMENT=63 DEFAULT CHARSET=utf8;

-- ----------------------------
-- Records of news
-- ----------------------------
INSERT INTO `news` VALUES ('37', '建筑行业的新选择', '2', '<p><span style=\"widows: 2; text-transform: none; text-indent: 0px; border-collapse: separate; font: medium Simsun; white-space: normal; orphans: 2; letter-spacing: normal; color: rgb(0,0,0); word-spacing: 0px; -webkit-border-horizontal-spacing: 0px; -webkit-border-vertical-spacing: 0px; -webkit-text-decorations-in-effect: none; -webkit-text-size-adjust: auto; -webkit-text-stroke-width: 0px\" class=\"Apple-style-span\"><span style=\"text-align: left; line-height: 18px; font-family: verdana, sans-serif; font-size: 12px\" class=\"Apple-style-span\">\r\n<p style=\"line-height: 25px; text-indent: 25px; font-size: 14px\">美国时间3月17日，在Oracle收购Sun Microsystems之后，Java之父James Gosling首度在公开场合露面，他一如既往保持着对Java的高度关注，并表示Java在Oracle的掌管下令人放心，随后他还透露了Java的发展方向。</p>\r\n<p style=\"line-height: 25px; text-indent: 25px; font-size: 14px\">Gosling是在TheServerSide Java Symposium上发表这份公开说明的，当时他的报告主题是Java Today and Tomorrow。他表示目睹了Oracle掌舵Java的方向之后，他深受鼓舞，Java的未来不需要担忧，关于Java的运营以及其技术的发展仍在向着有利的方向继续。</p>\r\n<p style=\"line-height: 25px; text-indent: 25px; font-size: 14px\">Gosling还公布了一份最新的Java报告，比如JRE (Java Runtime Environment)的每周下载量为1500万；共有100亿个Java-enabled的应用；10亿个Java-enabled的桌面；一亿个Java-enabled的TV设备；26亿个Java-enabled的移动设备；55亿个Java智能卡以及超过650万名Java开发者。</p>\r\n<p style=\"line-height: 25px; text-indent: 25px; font-size: 14px\">尽管目前大家看到的大多是Oracle在企业端Java的努力，但Gosling表示，Oracle同样也在致力于Java在桌面端、嵌入式、移动领域、高性能计算机及其他系统方面的发展。他说，所有这一切的原则是网络，网络将这些应用和功能链接。</p>\r\n<p style=\"line-height: 25px; text-indent: 25px; font-size: 14px\">谈到企业端Java，Gosling表示Java EE 6 (Java Platform, Enterprise Edition 6)将是下一代企业软件的基础， Java社区及许多开发者在2009年11月促使了Java EE 6 specification的认可，并发布和升级了一些Java API，Gosling对此表示感谢。</p>\r\n<p style=\"line-height: 25px; text-indent: 25px; font-size: 14px\">Gosling表示，Java EE 6以模块化为中心，引入了profiles的概念，但是有两个profiles，一个是full profile，另一个是Web profile。Web profile是第一个被定义的Java EE profile，对于现代Web应用开发它是一个功能全面的中型堆栈。</p>\r\n</span></span></p>', '2010-03-03 00:00:00', null);
INSERT INTO `news` VALUES ('38', '建筑行业的新选择', '2', '<p>\r\n<p>&nbsp;</p>\r\n</p>\r\n<p style=\"line-height: 25px; text-indent: 25px; font-size: 14px\">美国时间3月17日，在Oracle收购Sun Microsystems之后，Java之父James Gosling首度在公开场合露面，他一如既往保持着对Java的高度关注，并表示Java在Oracle的掌管下令人放心，随后他还透露了Java的发展方向。</p>\r\n<p style=\"line-height: 25px; text-indent: 25px; font-size: 14px\">Gosling是在TheServerSide Java Symposium上发表这份公开说明的，当时他的报告主题是Java Today and Tomorrow。他表示目睹了Oracle掌舵Java的方向之后，他深受鼓舞，Java的未来不需要担忧，关于Java的运营以及其技术的发展仍在向着有利的方向继续。</p>\r\n<p style=\"line-height: 25px; text-indent: 25px; font-size: 14px\">Gosling还公布了一份最新的Java报告，比如JRE (Java Runtime Environment)的每周下载量为1500万；共有100亿个Java-enabled的应用；10亿个Java-enabled的桌面；一亿个Java-enabled的TV设备；26亿个Java-enabled的移动设备；55亿个Java智能卡以及超过650万名Java开发者。</p>\r\n<p style=\"line-height: 25px; text-indent: 25px; font-size: 14px\">尽管目前大家看到的大多是Oracle在企业端Java的努力，但Gosling表示，Oracle同样也在致力于Java在桌面端、嵌入式、移动领域、高性能计算机及其他系统方面的发展。他说，所有这一切的原则是网络，网络将这些应用和功能链接。</p>\r\n<p style=\"line-height: 25px; text-indent: 25px; font-size: 14px\">谈到企业端Java，Gosling表示Java EE 6 (Java Platform, Enterprise Edition 6)将是下一代企业软件的基础， Java社区及许多开发者在2009年11月促使了Java EE 6 specification的认可，并发布和升级了一些Java API，Gosling对此表示感谢。</p>\r\n<p style=\"line-height: 25px; text-indent: 25px; font-size: 14px\">Gosling表示，Java EE 6以模块化为中心，引入了profiles的概念，但是有两个profiles，一个是full profile，另一个是Web profile。Web profile是第一个被定义的Java EE profile，对于现代Web应用开发它是一个功能全面的中型堆栈。</p>', '2010-03-03 00:00:00', null);
INSERT INTO `news` VALUES ('39', '建筑行业的新选择', '2', '<p>&nbsp;</p>\r\n<p>&nbsp;</p>\r\n<p>&nbsp;</p>\r\n<p style=\"line-height: 25px; text-indent: 25px; font-size: 14px\">美国时间3月17日，在Oracle收购Sun Microsystems之后，Java之父James Gosling首度在公开场合露面，他一如既往保持着对Java的高度关注，并表示Java在Oracle的掌管下令人放心，随后他还透露了Java的发展方向。</p>\r\n<p style=\"line-height: 25px; text-indent: 25px; font-size: 14px\">Gosling是在TheServerSide Java Symposium上发表这份公开说明的，当时他的报告主题是Java Today and Tomorrow。他表示目睹了Oracle掌舵Java的方向之后，他深受鼓舞，Java的未来不需要担忧，关于Java的运营以及其技术的发展仍在向着有利的方向继续。</p>\r\n<p style=\"line-height: 25px; text-indent: 25px; font-size: 14px\">Gosling还公布了一份最新的Java报告，比如JRE (Java Runtime Environment)的每周下载量为1500万；共有100亿个Java-enabled的应用；10亿个Java-enabled的桌面；一亿个Java-enabled的TV设备；26亿个Java-enabled的移动设备；55亿个Java智能卡以及超过650万名Java开发者。</p>\r\n<p style=\"line-height: 25px; text-indent: 25px; font-size: 14px\">尽管目前大家看到的大多是Oracle在企业端Java的努力，但Gosling表示，Oracle同样也在致力于Java在桌面端、嵌入式、移动领域、高性能计算机及其他系统方面的发展。他说，所有这一切的原则是网络，网络将这些应用和功能链接。</p>\r\n<p style=\"line-height: 25px; text-indent: 25px; font-size: 14px\">谈到企业端Java，Gosling表示Java EE 6 (Java Platform, Enterprise Edition 6)将是下一代企业软件的基础， Java社区及许多开发者在2009年11月促使了Java EE 6 specification的认可，并发布和升级了一些Java API，Gosling对此表示感谢。</p>\r\n<p style=\"line-height: 25px; text-indent: 25px; font-size: 14px\">Gosling表示，Java EE 6以模块化为中心，引入了profiles的概念，但是有两个profiles，一个是full profile，另一个是Web profile。Web profile是第一个被定义的Java EE profile，对于现代Web应用开发它是一个功能全面的中型堆栈。</p>', '2010-03-03 00:00:00', null);
INSERT INTO `news` VALUES ('40', '建筑行业的新选择', '2', '<p>&nbsp;</p>\r\n<p>&nbsp;</p>\r\n<p>&nbsp;</p>\r\n<p style=\"line-height: 25px; text-indent: 25px; font-size: 14px\">美国时间3月17日，在Oracle收购Sun Microsystems之后，Java之父James Gosling首度在公开场合露面，他一如既往保持着对Java的高度关注，并表示Java在Oracle的掌管下令人放心，随后他还透露了Java的发展方向。</p>\r\n<p style=\"line-height: 25px; text-indent: 25px; font-size: 14px\">Gosling是在TheServerSide Java Symposium上发表这份公开说明的，当时他的报告主题是Java Today and Tomorrow。他表示目睹了Oracle掌舵Java的方向之后，他深受鼓舞，Java的未来不需要担忧，关于Java的运营以及其技术的发展仍在向着有利的方向继续。</p>\r\n<p style=\"line-height: 25px; text-indent: 25px; font-size: 14px\">Gosling还公布了一份最新的Java报告，比如JRE (Java Runtime Environment)的每周下载量为1500万；共有100亿个Java-enabled的应用；10亿个Java-enabled的桌面；一亿个Java-enabled的TV设备；26亿个Java-enabled的移动设备；55亿个Java智能卡以及超过650万名Java开发者。</p>\r\n<p style=\"line-height: 25px; text-indent: 25px; font-size: 14px\">尽管目前大家看到的大多是Oracle在企业端Java的努力，但Gosling表示，Oracle同样也在致力于Java在桌面端、嵌入式、移动领域、高性能计算机及其他系统方面的发展。他说，所有这一切的原则是网络，网络将这些应用和功能链接。</p>\r\n<p style=\"line-height: 25px; text-indent: 25px; font-size: 14px\">谈到企业端Java，Gosling表示Java EE 6 (Java Platform, Enterprise Edition 6)将是下一代企业软件的基础， Java社区及许多开发者在2009年11月促使了Java EE 6 specification的认可，并发布和升级了一些Java API，Gosling对此表示感谢。</p>\r\n<p style=\"line-height: 25px; text-indent: 25px; font-size: 14px\">Gosling表示，Java EE 6以模块化为中心，引入了profiles的概念，但是有两个profiles，一个是full profile，另一个是Web profile。Web profile是第一个被定义的Java EE profile，对于现代Web应用开发它是一个功能全面的中型堆栈。</p>', '2010-03-03 00:00:00', null);
INSERT INTO `news` VALUES ('41', '建筑行业的新选择', '2', '<p>&nbsp;</p>\r\n<p>&nbsp;</p>\r\n<p>&nbsp;</p>\r\n<p style=\"line-height: 25px; text-indent: 25px; font-size: 14px\">美国时间3月17日，在Oracle收购Sun Microsystems之后，Java之父James Gosling首度在公开场合露面，他一如既往保持着对Java的高度关注，并表示Java在Oracle的掌管下令人放心，随后他还透露了Java的发展方向。</p>\r\n<p style=\"line-height: 25px; text-indent: 25px; font-size: 14px\">Gosling是在TheServerSide Java Symposium上发表这份公开说明的，当时他的报告主题是Java Today and Tomorrow。他表示目睹了Oracle掌舵Java的方向之后，他深受鼓舞，Java的未来不需要担忧，关于Java的运营以及其技术的发展仍在向着有利的方向继续。</p>\r\n<p style=\"line-height: 25px; text-indent: 25px; font-size: 14px\">Gosling还公布了一份最新的Java报告，比如JRE (Java Runtime Environment)的每周下载量为1500万；共有100亿个Java-enabled的应用；10亿个Java-enabled的桌面；一亿个Java-enabled的TV设备；26亿个Java-enabled的移动设备；55亿个Java智能卡以及超过650万名Java开发者。</p>\r\n<p style=\"line-height: 25px; text-indent: 25px; font-size: 14px\">尽管目前大家看到的大多是Oracle在企业端Java的努力，但Gosling表示，Oracle同样也在致力于Java在桌面端、嵌入式、移动领域、高性能计算机及其他系统方面的发展。他说，所有这一切的原则是网络，网络将这些应用和功能链接。</p>\r\n<p style=\"line-height: 25px; text-indent: 25px; font-size: 14px\">谈到企业端Java，Gosling表示Java EE 6 (Java Platform, Enterprise Edition 6)将是下一代企业软件的基础， Java社区及许多开发者在2009年11月促使了Java EE 6 specification的认可，并发布和升级了一些Java API，Gosling对此表示感谢。</p>\r\n<p style=\"line-height: 25px; text-indent: 25px; font-size: 14px\">Gosling表示，Java EE 6以模块化为中心，引入了profiles的概念，但是有两个profiles，一个是full profile，另一个是Web profile。Web profile是第一个被定义的Java EE profile，对于现代Web应用开发它是一个功能全面的中型堆栈。</p>', '2010-03-03 00:00:00', null);
INSERT INTO `news` VALUES ('42', '建筑行业的新选择', '2', '<p>&nbsp;</p>\r\n<p>&nbsp;</p>\r\n<p>&nbsp;</p>\r\n<p style=\"line-height: 25px; text-indent: 25px; font-size: 14px\">美国时间3月17日，在Oracle收购Sun Microsystems之后，Java之父James Gosling首度在公开场合露面，他一如既往保持着对Java的高度关注，并表示Java在Oracle的掌管下令人放心，随后他还透露了Java的发展方向。</p>\r\n<p style=\"line-height: 25px; text-indent: 25px; font-size: 14px\">Gosling是在TheServerSide Java Symposium上发表这份公开说明的，当时他的报告主题是Java Today and Tomorrow。他表示目睹了Oracle掌舵Java的方向之后，他深受鼓舞，Java的未来不需要担忧，关于Java的运营以及其技术的发展仍在向着有利的方向继续。</p>\r\n<p style=\"line-height: 25px; text-indent: 25px; font-size: 14px\">Gosling还公布了一份最新的Java报告，比如JRE (Java Runtime Environment)的每周下载量为1500万；共有100亿个Java-enabled的应用；10亿个Java-enabled的桌面；一亿个Java-enabled的TV设备；26亿个Java-enabled的移动设备；55亿个Java智能卡以及超过650万名Java开发者。</p>\r\n<p style=\"line-height: 25px; text-indent: 25px; font-size: 14px\">尽管目前大家看到的大多是Oracle在企业端Java的努力，但Gosling表示，Oracle同样也在致力于Java在桌面端、嵌入式、移动领域、高性能计算机及其他系统方面的发展。他说，所有这一切的原则是网络，网络将这些应用和功能链接。</p>\r\n<p style=\"line-height: 25px; text-indent: 25px; font-size: 14px\">谈到企业端Java，Gosling表示Java EE 6 (Java Platform, Enterprise Edition 6)将是下一代企业软件的基础， Java社区及许多开发者在2009年11月促使了Java EE 6 specification的认可，并发布和升级了一些Java API，Gosling对此表示感谢。</p>\r\n<p style=\"line-height: 25px; text-indent: 25px; font-size: 14px\">Gosling表示，Java EE 6以模块化为中心，引入了profiles的概念，但是有两个profiles，一个是full profile，另一个是Web profile。Web profile是第一个被定义的Java EE profile，对于现代Web应用开发它是一个功能全面的中型堆栈。</p>', '2010-03-03 00:00:00', null);
INSERT INTO `news` VALUES ('43', '建筑行业的新选择', '2', '<p>&nbsp;</p>\r\n<p>&nbsp;</p>\r\n<p>&nbsp;</p>\r\n<p style=\"line-height: 25px; text-indent: 25px; font-size: 14px\">美国时间3月17日，在Oracle收购Sun Microsystems之后，Java之父James Gosling首度在公开场合露面，他一如既往保持着对Java的高度关注，并表示Java在Oracle的掌管下令人放心，随后他还透露了Java的发展方向。</p>\r\n<p style=\"line-height: 25px; text-indent: 25px; font-size: 14px\">Gosling是在TheServerSide Java Symposium上发表这份公开说明的，当时他的报告主题是Java Today and Tomorrow。他表示目睹了Oracle掌舵Java的方向之后，他深受鼓舞，Java的未来不需要担忧，关于Java的运营以及其技术的发展仍在向着有利的方向继续。</p>\r\n<p style=\"line-height: 25px; text-indent: 25px; font-size: 14px\">Gosling还公布了一份最新的Java报告，比如JRE (Java Runtime Environment)的每周下载量为1500万；共有100亿个Java-enabled的应用；10亿个Java-enabled的桌面；一亿个Java-enabled的TV设备；26亿个Java-enabled的移动设备；55亿个Java智能卡以及超过650万名Java开发者。</p>\r\n<p style=\"line-height: 25px; text-indent: 25px; font-size: 14px\">尽管目前大家看到的大多是Oracle在企业端Java的努力，但Gosling表示，Oracle同样也在致力于Java在桌面端、嵌入式、移动领域、高性能计算机及其他系统方面的发展。他说，所有这一切的原则是网络，网络将这些应用和功能链接。</p>\r\n<p style=\"line-height: 25px; text-indent: 25px; font-size: 14px\">谈到企业端Java，Gosling表示Java EE 6 (Java Platform, Enterprise Edition 6)将是下一代企业软件的基础， Java社区及许多开发者在2009年11月促使了Java EE 6 specification的认可，并发布和升级了一些Java API，Gosling对此表示感谢。</p>\r\n<p style=\"line-height: 25px; text-indent: 25px; font-size: 14px\">Gosling表示，Java EE 6以模块化为中心，引入了profiles的概念，但是有两个profiles，一个是full profile，另一个是Web profile。Web profile是第一个被定义的Java EE profile，对于现代Web应用开发它是一个功能全面的中型堆栈。</p>', '2010-03-03 00:00:00', null);
INSERT INTO `news` VALUES ('44', '建筑行业的新选择', '2', '<p>&nbsp;</p>\r\n<p>&nbsp;</p>\r\n<p>&nbsp;</p>\r\n<p style=\"line-height: 25px; text-indent: 25px; font-size: 14px\">美国时间3月17日，在Oracle收购Sun Microsystems之后，Java之父James Gosling首度在公开场合露面，他一如既往保持着对Java的高度关注，并表示Java在Oracle的掌管下令人放心，随后他还透露了Java的发展方向。</p>\r\n<p style=\"line-height: 25px; text-indent: 25px; font-size: 14px\">Gosling是在TheServerSide Java Symposium上发表这份公开说明的，当时他的报告主题是Java Today and Tomorrow。他表示目睹了Oracle掌舵Java的方向之后，他深受鼓舞，Java的未来不需要担忧，关于Java的运营以及其技术的发展仍在向着有利的方向继续。</p>\r\n<p style=\"line-height: 25px; text-indent: 25px; font-size: 14px\">Gosling还公布了一份最新的Java报告，比如JRE (Java Runtime Environment)的每周下载量为1500万；共有100亿个Java-enabled的应用；10亿个Java-enabled的桌面；一亿个Java-enabled的TV设备；26亿个Java-enabled的移动设备；55亿个Java智能卡以及超过650万名Java开发者。</p>\r\n<p style=\"line-height: 25px; text-indent: 25px; font-size: 14px\">尽管目前大家看到的大多是Oracle在企业端Java的努力，但Gosling表示，Oracle同样也在致力于Java在桌面端、嵌入式、移动领域、高性能计算机及其他系统方面的发展。他说，所有这一切的原则是网络，网络将这些应用和功能链接。</p>\r\n<p style=\"line-height: 25px; text-indent: 25px; font-size: 14px\">谈到企业端Java，Gosling表示Java EE 6 (Java Platform, Enterprise Edition 6)将是下一代企业软件的基础， Java社区及许多开发者在2009年11月促使了Java EE 6 specification的认可，并发布和升级了一些Java API，Gosling对此表示感谢。</p>\r\n<p style=\"line-height: 25px; text-indent: 25px; font-size: 14px\">Gosling表示，Java EE 6以模块化为中心，引入了profiles的概念，但是有两个profiles，一个是full profile，另一个是Web profile。Web profile是第一个被定义的Java EE profile，对于现代Web应用开发它是一个功能全面的中型堆栈。</p>', '2010-03-03 00:00:00', null);
INSERT INTO `news` VALUES ('45', '建筑行业的新选择', '2', '<p>&nbsp;</p>\r\n<p>&nbsp;</p>\r\n<p>&nbsp;</p>\r\n<p style=\"line-height: 25px; text-indent: 25px; font-size: 14px\">美国时间3月17日，在Oracle收购Sun Microsystems之后，Java之父James Gosling首度在公开场合露面，他一如既往保持着对Java的高度关注，并表示Java在Oracle的掌管下令人放心，随后他还透露了Java的发展方向。</p>\r\n<p style=\"line-height: 25px; text-indent: 25px; font-size: 14px\">Gosling是在TheServerSide Java Symposium上发表这份公开说明的，当时他的报告主题是Java Today and Tomorrow。他表示目睹了Oracle掌舵Java的方向之后，他深受鼓舞，Java的未来不需要担忧，关于Java的运营以及其技术的发展仍在向着有利的方向继续。</p>\r\n<p style=\"line-height: 25px; text-indent: 25px; font-size: 14px\">Gosling还公布了一份最新的Java报告，比如JRE (Java Runtime Environment)的每周下载量为1500万；共有100亿个Java-enabled的应用；10亿个Java-enabled的桌面；一亿个Java-enabled的TV设备；26亿个Java-enabled的移动设备；55亿个Java智能卡以及超过650万名Java开发者。</p>\r\n<p style=\"line-height: 25px; text-indent: 25px; font-size: 14px\">尽管目前大家看到的大多是Oracle在企业端Java的努力，但Gosling表示，Oracle同样也在致力于Java在桌面端、嵌入式、移动领域、高性能计算机及其他系统方面的发展。他说，所有这一切的原则是网络，网络将这些应用和功能链接。</p>\r\n<p style=\"line-height: 25px; text-indent: 25px; font-size: 14px\">谈到企业端Java，Gosling表示Java EE 6 (Java Platform, Enterprise Edition 6)将是下一代企业软件的基础， Java社区及许多开发者在2009年11月促使了Java EE 6 specification的认可，并发布和升级了一些Java API，Gosling对此表示感谢。</p>\r\n<p style=\"line-height: 25px; text-indent: 25px; font-size: 14px\">Gosling表示，Java EE 6以模块化为中心，引入了profiles的概念，但是有两个profiles，一个是full profile，另一个是Web profile。Web profile是第一个被定义的Java EE profile，对于现代Web应用开发它是一个功能全面的中型堆栈。</p>', '2010-03-03 00:00:00', null);
INSERT INTO `news` VALUES ('46', '建筑行业的新选择', '2', '<p>&nbsp;</p>\r\n<p>&nbsp;</p>\r\n<p>&nbsp;</p>\r\n<p style=\"line-height: 25px; text-indent: 25px; font-size: 14px\">美国时间3月17日，在Oracle收购Sun Microsystems之后，Java之父James Gosling首度在公开场合露面，他一如既往保持着对Java的高度关注，并表示Java在Oracle的掌管下令人放心，随后他还透露了Java的发展方向。</p>\r\n<p style=\"line-height: 25px; text-indent: 25px; font-size: 14px\">Gosling是在TheServerSide Java Symposium上发表这份公开说明的，当时他的报告主题是Java Today and Tomorrow。他表示目睹了Oracle掌舵Java的方向之后，他深受鼓舞，Java的未来不需要担忧，关于Java的运营以及其技术的发展仍在向着有利的方向继续。</p>\r\n<p style=\"line-height: 25px; text-indent: 25px; font-size: 14px\">Gosling还公布了一份最新的Java报告，比如JRE (Java Runtime Environment)的每周下载量为1500万；共有100亿个Java-enabled的应用；10亿个Java-enabled的桌面；一亿个Java-enabled的TV设备；26亿个Java-enabled的移动设备；55亿个Java智能卡以及超过650万名Java开发者。</p>\r\n<p style=\"line-height: 25px; text-indent: 25px; font-size: 14px\">尽管目前大家看到的大多是Oracle在企业端Java的努力，但Gosling表示，Oracle同样也在致力于Java在桌面端、嵌入式、移动领域、高性能计算机及其他系统方面的发展。他说，所有这一切的原则是网络，网络将这些应用和功能链接。</p>\r\n<p style=\"line-height: 25px; text-indent: 25px; font-size: 14px\">谈到企业端Java，Gosling表示Java EE 6 (Java Platform, Enterprise Edition 6)将是下一代企业软件的基础， Java社区及许多开发者在2009年11月促使了Java EE 6 specification的认可，并发布和升级了一些Java API，Gosling对此表示感谢。</p>\r\n<p style=\"line-height: 25px; text-indent: 25px; font-size: 14px\">Gosling表示，Java EE 6以模块化为中心，引入了profiles的概念，但是有两个profiles，一个是full profile，另一个是Web profile。Web profile是第一个被定义的Java EE profile，对于现代Web应用开发它是一个功能全面的中型堆栈。</p>', '2010-03-03 00:00:00', null);
INSERT INTO `news` VALUES ('47', '建筑行业的新选择', '2', '<p>&nbsp;</p>\r\n<p>&nbsp;</p>\r\n<p>&nbsp;</p>\r\n<p style=\"line-height: 25px; text-indent: 25px; font-size: 14px\">美国时间3月17日，在Oracle收购Sun Microsystems之后，Java之父James Gosling首度在公开场合露面，他一如既往保持着对Java的高度关注，并表示Java在Oracle的掌管下令人放心，随后他还透露了Java的发展方向。</p>\r\n<p style=\"line-height: 25px; text-indent: 25px; font-size: 14px\">Gosling是在TheServerSide Java Symposium上发表这份公开说明的，当时他的报告主题是Java Today and Tomorrow。他表示目睹了Oracle掌舵Java的方向之后，他深受鼓舞，Java的未来不需要担忧，关于Java的运营以及其技术的发展仍在向着有利的方向继续。</p>\r\n<p style=\"line-height: 25px; text-indent: 25px; font-size: 14px\">Gosling还公布了一份最新的Java报告，比如JRE (Java Runtime Environment)的每周下载量为1500万；共有100亿个Java-enabled的应用；10亿个Java-enabled的桌面；一亿个Java-enabled的TV设备；26亿个Java-enabled的移动设备；55亿个Java智能卡以及超过650万名Java开发者。</p>\r\n<p style=\"line-height: 25px; text-indent: 25px; font-size: 14px\">尽管目前大家看到的大多是Oracle在企业端Java的努力，但Gosling表示，Oracle同样也在致力于Java在桌面端、嵌入式、移动领域、高性能计算机及其他系统方面的发展。他说，所有这一切的原则是网络，网络将这些应用和功能链接。</p>\r\n<p style=\"line-height: 25px; text-indent: 25px; font-size: 14px\">谈到企业端Java，Gosling表示Java EE 6 (Java Platform, Enterprise Edition 6)将是下一代企业软件的基础， Java社区及许多开发者在2009年11月促使了Java EE 6 specification的认可，并发布和升级了一些Java API，Gosling对此表示感谢。</p>\r\n<p style=\"line-height: 25px; text-indent: 25px; font-size: 14px\">Gosling表示，Java EE 6以模块化为中心，引入了profiles的概念，但是有两个profiles，一个是full profile，另一个是Web profile。Web profile是第一个被定义的Java EE profile，对于现代Web应用开发它是一个功能全面的中型堆栈。</p>', '2010-03-03 00:00:00', null);
INSERT INTO `news` VALUES ('48', '建筑行业的新选择', '2', '<p>&nbsp;</p>\r\n<p>&nbsp;</p>\r\n<p>&nbsp;</p>\r\n<p style=\"line-height: 25px; text-indent: 25px; font-size: 14px\">美国时间3月17日，在Oracle收购Sun Microsystems之后，Java之父James Gosling首度在公开场合露面，他一如既往保持着对Java的高度关注，并表示Java在Oracle的掌管下令人放心，随后他还透露了Java的发展方向。</p>\r\n<p style=\"line-height: 25px; text-indent: 25px; font-size: 14px\">Gosling是在TheServerSide Java Symposium上发表这份公开说明的，当时他的报告主题是Java Today and Tomorrow。他表示目睹了Oracle掌舵Java的方向之后，他深受鼓舞，Java的未来不需要担忧，关于Java的运营以及其技术的发展仍在向着有利的方向继续。</p>\r\n<p style=\"line-height: 25px; text-indent: 25px; font-size: 14px\">Gosling还公布了一份最新的Java报告，比如JRE (Java Runtime Environment)的每周下载量为1500万；共有100亿个Java-enabled的应用；10亿个Java-enabled的桌面；一亿个Java-enabled的TV设备；26亿个Java-enabled的移动设备；55亿个Java智能卡以及超过650万名Java开发者。</p>\r\n<p style=\"line-height: 25px; text-indent: 25px; font-size: 14px\">尽管目前大家看到的大多是Oracle在企业端Java的努力，但Gosling表示，Oracle同样也在致力于Java在桌面端、嵌入式、移动领域、高性能计算机及其他系统方面的发展。他说，所有这一切的原则是网络，网络将这些应用和功能链接。</p>\r\n<p style=\"line-height: 25px; text-indent: 25px; font-size: 14px\">谈到企业端Java，Gosling表示Java EE 6 (Java Platform, Enterprise Edition 6)将是下一代企业软件的基础， Java社区及许多开发者在2009年11月促使了Java EE 6 specification的认可，并发布和升级了一些Java API，Gosling对此表示感谢。</p>\r\n<p style=\"line-height: 25px; text-indent: 25px; font-size: 14px\">Gosling表示，Java EE 6以模块化为中心，引入了profiles的概念，但是有两个profiles，一个是full profile，另一个是Web profile。Web profile是第一个被定义的Java EE profile，对于现代Web应用开发它是一个功能全面的中型堆栈。</p>', '2010-03-03 00:00:00', null);
INSERT INTO `news` VALUES ('49', '建筑行业的新选择', '2', '<p>&nbsp;</p>\r\n<p>&nbsp;</p>\r\n<p>&nbsp;</p>\r\n<p style=\"line-height: 25px; text-indent: 25px; font-size: 14px\">美国时间3月17日，在Oracle收购Sun Microsystems之后，Java之父James Gosling首度在公开场合露面，他一如既往保持着对Java的高度关注，并表示Java在Oracle的掌管下令人放心，随后他还透露了Java的发展方向。</p>\r\n<p style=\"line-height: 25px; text-indent: 25px; font-size: 14px\">Gosling是在TheServerSide Java Symposium上发表这份公开说明的，当时他的报告主题是Java Today and Tomorrow。他表示目睹了Oracle掌舵Java的方向之后，他深受鼓舞，Java的未来不需要担忧，关于Java的运营以及其技术的发展仍在向着有利的方向继续。</p>\r\n<p style=\"line-height: 25px; text-indent: 25px; font-size: 14px\">Gosling还公布了一份最新的Java报告，比如JRE (Java Runtime Environment)的每周下载量为1500万；共有100亿个Java-enabled的应用；10亿个Java-enabled的桌面；一亿个Java-enabled的TV设备；26亿个Java-enabled的移动设备；55亿个Java智能卡以及超过650万名Java开发者。</p>\r\n<p style=\"line-height: 25px; text-indent: 25px; font-size: 14px\">尽管目前大家看到的大多是Oracle在企业端Java的努力，但Gosling表示，Oracle同样也在致力于Java在桌面端、嵌入式、移动领域、高性能计算机及其他系统方面的发展。他说，所有这一切的原则是网络，网络将这些应用和功能链接。</p>\r\n<p style=\"line-height: 25px; text-indent: 25px; font-size: 14px\">谈到企业端Java，Gosling表示Java EE 6 (Java Platform, Enterprise Edition 6)将是下一代企业软件的基础， Java社区及许多开发者在2009年11月促使了Java EE 6 specification的认可，并发布和升级了一些Java API，Gosling对此表示感谢。</p>\r\n<p style=\"line-height: 25px; text-indent: 25px; font-size: 14px\">Gosling表示，Java EE 6以模块化为中心，引入了profiles的概念，但是有两个profiles，一个是full profile，另一个是Web profile。Web profile是第一个被定义的Java EE profile，对于现代Web应用开发它是一个功能全面的中型堆栈。</p>', '2010-03-03 00:00:00', null);
INSERT INTO `news` VALUES ('50', '建筑行业的新选择', '2', '<p>&nbsp;</p>\r\n<p>&nbsp;</p>\r\n<p>&nbsp;</p>\r\n<p style=\"line-height: 25px; text-indent: 25px; font-size: 14px\">美国时间3月17日，在Oracle收购Sun Microsystems之后，Java之父James Gosling首度在公开场合露面，他一如既往保持着对Java的高度关注，并表示Java在Oracle的掌管下令人放心，随后他还透露了Java的发展方向。</p>\r\n<p style=\"line-height: 25px; text-indent: 25px; font-size: 14px\">Gosling是在TheServerSide Java Symposium上发表这份公开说明的，当时他的报告主题是Java Today and Tomorrow。他表示目睹了Oracle掌舵Java的方向之后，他深受鼓舞，Java的未来不需要担忧，关于Java的运营以及其技术的发展仍在向着有利的方向继续。</p>\r\n<p style=\"line-height: 25px; text-indent: 25px; font-size: 14px\">Gosling还公布了一份最新的Java报告，比如JRE (Java Runtime Environment)的每周下载量为1500万；共有100亿个Java-enabled的应用；10亿个Java-enabled的桌面；一亿个Java-enabled的TV设备；26亿个Java-enabled的移动设备；55亿个Java智能卡以及超过650万名Java开发者。</p>\r\n<p style=\"line-height: 25px; text-indent: 25px; font-size: 14px\">尽管目前大家看到的大多是Oracle在企业端Java的努力，但Gosling表示，Oracle同样也在致力于Java在桌面端、嵌入式、移动领域、高性能计算机及其他系统方面的发展。他说，所有这一切的原则是网络，网络将这些应用和功能链接。</p>\r\n<p style=\"line-height: 25px; text-indent: 25px; font-size: 14px\">谈到企业端Java，Gosling表示Java EE 6 (Java Platform, Enterprise Edition 6)将是下一代企业软件的基础， Java社区及许多开发者在2009年11月促使了Java EE 6 specification的认可，并发布和升级了一些Java API，Gosling对此表示感谢。</p>\r\n<p style=\"line-height: 25px; text-indent: 25px; font-size: 14px\">Gosling表示，Java EE 6以模块化为中心，引入了profiles的概念，但是有两个profiles，一个是full profile，另一个是Web profile。Web profile是第一个被定义的Java EE profile，对于现代Web应用开发它是一个功能全面的中型堆栈。</p>', '2010-03-03 00:00:00', null);
INSERT INTO `news` VALUES ('51', '清雅最新动向', '1', '<p><span style=\"widows: 2; text-transform: none; text-indent: 0px; border-collapse: separate; font: medium Simsun; white-space: normal; orphans: 2; letter-spacing: normal; color: rgb(0,0,0); word-spacing: 0px; -webkit-border-horizontal-spacing: 0px; -webkit-border-vertical-spacing: 0px; -webkit-text-decorations-in-effect: none; -webkit-text-size-adjust: auto; -webkit-text-stroke-width: 0px\" class=\"Apple-style-span\"><span style=\"text-align: left; line-height: 18px; font-family: verdana, sans-serif; font-size: 12px\" class=\"Apple-style-span\">\r\n<p style=\"line-height: 25px; text-indent: 25px; font-size: 14px\">美国时间3月17日，在Oracle收购Sun Microsystems之后，Java之父James Gosling首度在公开场合露面，他一如既往保持着对Java的高度关注，并表示Java在Oracle的掌管下令人放心，随后他还透露了Java的发展方向。</p>\r\n<p style=\"line-height: 25px; text-indent: 25px; font-size: 14px\">Gosling是在TheServerSide Java Symposium上发表这份公开说明的，当时他的报告主题是Java Today and Tomorrow。他表示目睹了Oracle掌舵Java的方向之后，他深受鼓舞，Java的未来不需要担忧，关于Java的运营以及其技术的发展仍在向着有利的方向继续。</p>\r\n<p style=\"line-height: 25px; text-indent: 25px; font-size: 14px\">Gosling还公布了一份最新的Java报告，比如JRE (Java Runtime Environment)的每周下载量为1500万；共有100亿个Java-enabled的应用；10亿个Java-enabled的桌面；一亿个Java-enabled的TV设备；26亿个Java-enabled的移动设备；55亿个Java智能卡以及超过650万名Java开发者。</p>\r\n<p style=\"line-height: 25px; text-indent: 25px; font-size: 14px\">尽管目前大家看到的大多是Oracle在企业端Java的努力，但Gosling表示，Oracle同样也在致力于Java在桌面端、嵌入式、移动领域、高性能计算机及其他系统方面的发展。他说，所有这一切的原则是网络，网络将这些应用和功能链接。</p>\r\n<p style=\"line-height: 25px; text-indent: 25px; font-size: 14px\">谈到企业端Java，Gosling表示Java EE 6 (Java Platform, Enterprise Edition 6)将是下一代企业软件的基础， Java社区及许多开发者在2009年11月促使了Java EE 6 specification的认可，并发布和升级了一些Java API，Gosling对此表示感谢。</p>\r\n<p style=\"line-height: 25px; text-indent: 25px; font-size: 14px\">Gosling表示，Java EE 6以模块化为中心，引入了profiles的概念，但是有两个profiles，一个是full profile，另一个是Web profile。Web profile是第一个被定义的Java EE profile，对于现代Web应用开发它是一个功能全面的中型堆栈。</p>\r\n</span></span></p>', '2010-03-06 00:00:00', null);
INSERT INTO `news` VALUES ('52', '清雅最新动向', '1', '<p>\r\n<p>&nbsp;</p>\r\n</p>\r\n<p style=\"line-height: 25px; text-indent: 25px; font-size: 14px\">美国时间3月17日，在Oracle收购Sun Microsystems之后，Java之父James Gosling首度在公开场合露面，他一如既往保持着对Java的高度关注，并表示Java在Oracle的掌管下令人放心，随后他还透露了Java的发展方向。</p>\r\n<p style=\"line-height: 25px; text-indent: 25px; font-size: 14px\">Gosling是在TheServerSide Java Symposium上发表这份公开说明的，当时他的报告主题是Java Today and Tomorrow。他表示目睹了Oracle掌舵Java的方向之后，他深受鼓舞，Java的未来不需要担忧，关于Java的运营以及其技术的发展仍在向着有利的方向继续。</p>\r\n<p style=\"line-height: 25px; text-indent: 25px; font-size: 14px\">Gosling还公布了一份最新的Java报告，比如JRE (Java Runtime Environment)的每周下载量为1500万；共有100亿个Java-enabled的应用；10亿个Java-enabled的桌面；一亿个Java-enabled的TV设备；26亿个Java-enabled的移动设备；55亿个Java智能卡以及超过650万名Java开发者。</p>\r\n<p style=\"line-height: 25px; text-indent: 25px; font-size: 14px\">尽管目前大家看到的大多是Oracle在企业端Java的努力，但Gosling表示，Oracle同样也在致力于Java在桌面端、嵌入式、移动领域、高性能计算机及其他系统方面的发展。他说，所有这一切的原则是网络，网络将这些应用和功能链接。</p>\r\n<p style=\"line-height: 25px; text-indent: 25px; font-size: 14px\">谈到企业端Java，Gosling表示Java EE 6 (Java Platform, Enterprise Edition 6)将是下一代企业软件的基础， Java社区及许多开发者在2009年11月促使了Java EE 6 specification的认可，并发布和升级了一些Java API，Gosling对此表示感谢。</p>\r\n<p style=\"line-height: 25px; text-indent: 25px; font-size: 14px\">Gosling表示，Java EE 6以模块化为中心，引入了profiles的概念，但是有两个profiles，一个是full profile，另一个是Web profile。Web profile是第一个被定义的Java EE profile，对于现代Web应用开发它是一个功能全面的中型堆栈。</p>', '2010-03-06 00:00:00', null);
INSERT INTO `news` VALUES ('53', '清雅最新动向', '1', '<p>&nbsp;</p>\r\n<p>&nbsp;</p>\r\n<p>&nbsp;</p>\r\n<p style=\"line-height: 25px; text-indent: 25px; font-size: 14px\">美国时间3月17日，在Oracle收购Sun Microsystems之后，Java之父James Gosling首度在公开场合露面，他一如既往保持着对Java的高度关注，并表示Java在Oracle的掌管下令人放心，随后他还透露了Java的发展方向。</p>\r\n<p style=\"line-height: 25px; text-indent: 25px; font-size: 14px\">Gosling是在TheServerSide Java Symposium上发表这份公开说明的，当时他的报告主题是Java Today and Tomorrow。他表示目睹了Oracle掌舵Java的方向之后，他深受鼓舞，Java的未来不需要担忧，关于Java的运营以及其技术的发展仍在向着有利的方向继续。</p>\r\n<p style=\"line-height: 25px; text-indent: 25px; font-size: 14px\">Gosling还公布了一份最新的Java报告，比如JRE (Java Runtime Environment)的每周下载量为1500万；共有100亿个Java-enabled的应用；10亿个Java-enabled的桌面；一亿个Java-enabled的TV设备；26亿个Java-enabled的移动设备；55亿个Java智能卡以及超过650万名Java开发者。</p>\r\n<p style=\"line-height: 25px; text-indent: 25px; font-size: 14px\">尽管目前大家看到的大多是Oracle在企业端Java的努力，但Gosling表示，Oracle同样也在致力于Java在桌面端、嵌入式、移动领域、高性能计算机及其他系统方面的发展。他说，所有这一切的原则是网络，网络将这些应用和功能链接。</p>\r\n<p style=\"line-height: 25px; text-indent: 25px; font-size: 14px\">谈到企业端Java，Gosling表示Java EE 6 (Java Platform, Enterprise Edition 6)将是下一代企业软件的基础， Java社区及许多开发者在2009年11月促使了Java EE 6 specification的认可，并发布和升级了一些Java API，Gosling对此表示感谢。</p>\r\n<p style=\"line-height: 25px; text-indent: 25px; font-size: 14px\">Gosling表示，Java EE 6以模块化为中心，引入了profiles的概念，但是有两个profiles，一个是full profile，另一个是Web profile。Web profile是第一个被定义的Java EE profile，对于现代Web应用开发它是一个功能全面的中型堆栈。</p>', '2010-03-06 00:00:00', null);
INSERT INTO `news` VALUES ('54', '清雅最新动向', '1', '<p>\r\n<p>&nbsp;</p>\r\n</p>\r\n<p style=\"line-height: 25px; text-indent: 25px; font-size: 14px\">美国时间3月17日，在Oracle收购Sun Microsystems之后，Java之父James Gosling首度在公开场合露面，他一如既往保持着对Java的高度关注，并表示Java在Oracle的掌管下令人放心，随后他还透露了Java的发展方向。</p>\r\n<p style=\"line-height: 25px; text-indent: 25px; font-size: 14px\">Gosling是在TheServerSide Java Symposium上发表这份公开说明的，当时他的报告主题是Java Today and Tomorrow。他表示目睹了Oracle掌舵Java的方向之后，他深受鼓舞，Java的未来不需要担忧，关于Java的运营以及其技术的发展仍在向着有利的方向继续。</p>\r\n<p style=\"line-height: 25px; text-indent: 25px; font-size: 14px\">Gosling还公布了一份最新的Java报告，比如JRE (Java Runtime Environment)的每周下载量为1500万；共有100亿个Java-enabled的应用；10亿个Java-enabled的桌面；一亿个Java-enabled的TV设备；26亿个Java-enabled的移动设备；55亿个Java智能卡以及超过650万名Java开发者。</p>\r\n<p style=\"line-height: 25px; text-indent: 25px; font-size: 14px\">尽管目前大家看到的大多是Oracle在企业端Java的努力，但Gosling表示，Oracle同样也在致力于Java在桌面端、嵌入式、移动领域、高性能计算机及其他系统方面的发展。他说，所有这一切的原则是网络，网络将这些应用和功能链接。</p>\r\n<p style=\"line-height: 25px; text-indent: 25px; font-size: 14px\">谈到企业端Java，Gosling表示Java EE 6 (Java Platform, Enterprise Edition 6)将是下一代企业软件的基础， Java社区及许多开发者在2009年11月促使了Java EE 6 specification的认可，并发布和升级了一些Java API，Gosling对此表示感谢。</p>\r\n<p style=\"line-height: 25px; text-indent: 25px; font-size: 14px\">Gosling表示，Java EE 6以模块化为中心，引入了profiles的概念，但是有两个profiles，一个是full profile，另一个是Web profile。Web profile是第一个被定义的Java EE profile，对于现代Web应用开发它是一个功能全面的中型堆栈。</p>', '2010-03-06 00:00:00', null);
INSERT INTO `news` VALUES ('55', '清雅最新动向', '1', '<p>\r\n<p>&nbsp;</p>\r\n</p>\r\n<p style=\"line-height: 25px; text-indent: 25px; font-size: 14px\">美国时间3月17日，在Oracle收购Sun Microsystems之后，Java之父James Gosling首度在公开场合露面，他一如既往保持着对Java的高度关注，并表示Java在Oracle的掌管下令人放心，随后他还透露了Java的发展方向。</p>\r\n<p style=\"line-height: 25px; text-indent: 25px; font-size: 14px\">Gosling是在TheServerSide Java Symposium上发表这份公开说明的，当时他的报告主题是Java Today and Tomorrow。他表示目睹了Oracle掌舵Java的方向之后，他深受鼓舞，Java的未来不需要担忧，关于Java的运营以及其技术的发展仍在向着有利的方向继续。</p>\r\n<p style=\"line-height: 25px; text-indent: 25px; font-size: 14px\">Gosling还公布了一份最新的Java报告，比如JRE (Java Runtime Environment)的每周下载量为1500万；共有100亿个Java-enabled的应用；10亿个Java-enabled的桌面；一亿个Java-enabled的TV设备；26亿个Java-enabled的移动设备；55亿个Java智能卡以及超过650万名Java开发者。</p>\r\n<p style=\"line-height: 25px; text-indent: 25px; font-size: 14px\">尽管目前大家看到的大多是Oracle在企业端Java的努力，但Gosling表示，Oracle同样也在致力于Java在桌面端、嵌入式、移动领域、高性能计算机及其他系统方面的发展。他说，所有这一切的原则是网络，网络将这些应用和功能链接。</p>\r\n<p style=\"line-height: 25px; text-indent: 25px; font-size: 14px\">谈到企业端Java，Gosling表示Java EE 6 (Java Platform, Enterprise Edition 6)将是下一代企业软件的基础， Java社区及许多开发者在2009年11月促使了Java EE 6 specification的认可，并发布和升级了一些Java API，Gosling对此表示感谢。</p>\r\n<p style=\"line-height: 25px; text-indent: 25px; font-size: 14px\">Gosling表示，Java EE 6以模块化为中心，引入了profiles的概念，但是有两个profiles，一个是full profile，另一个是Web profile。Web profile是第一个被定义的Java EE profile，对于现代Web应用开发它是一个功能全面的中型堆栈。</p>', '2010-03-06 00:00:00', null);
INSERT INTO `news` VALUES ('56', '清雅最新动向', '1', '<p>\r\n<p>&nbsp;</p>\r\n</p>\r\n<p style=\"line-height: 25px; text-indent: 25px; font-size: 14px\">美国时间3月17日，在Oracle收购Sun Microsystems之后，Java之父James Gosling首度在公开场合露面，他一如既往保持着对Java的高度关注，并表示Java在Oracle的掌管下令人放心，随后他还透露了Java的发展方向。</p>\r\n<p style=\"line-height: 25px; text-indent: 25px; font-size: 14px\">Gosling是在TheServerSide Java Symposium上发表这份公开说明的，当时他的报告主题是Java Today and Tomorrow。他表示目睹了Oracle掌舵Java的方向之后，他深受鼓舞，Java的未来不需要担忧，关于Java的运营以及其技术的发展仍在向着有利的方向继续。</p>\r\n<p style=\"line-height: 25px; text-indent: 25px; font-size: 14px\">Gosling还公布了一份最新的Java报告，比如JRE (Java Runtime Environment)的每周下载量为1500万；共有100亿个Java-enabled的应用；10亿个Java-enabled的桌面；一亿个Java-enabled的TV设备；26亿个Java-enabled的移动设备；55亿个Java智能卡以及超过650万名Java开发者。</p>\r\n<p style=\"line-height: 25px; text-indent: 25px; font-size: 14px\">尽管目前大家看到的大多是Oracle在企业端Java的努力，但Gosling表示，Oracle同样也在致力于Java在桌面端、嵌入式、移动领域、高性能计算机及其他系统方面的发展。他说，所有这一切的原则是网络，网络将这些应用和功能链接。</p>\r\n<p style=\"line-height: 25px; text-indent: 25px; font-size: 14px\">谈到企业端Java，Gosling表示Java EE 6 (Java Platform, Enterprise Edition 6)将是下一代企业软件的基础， Java社区及许多开发者在2009年11月促使了Java EE 6 specification的认可，并发布和升级了一些Java API，Gosling对此表示感谢。</p>\r\n<p style=\"line-height: 25px; text-indent: 25px; font-size: 14px\">Gosling表示，Java EE 6以模块化为中心，引入了profiles的概念，但是有两个profiles，一个是full profile，另一个是Web profile。Web profile是第一个被定义的Java EE profile，对于现代Web应用开发它是一个功能全面的中型堆栈。</p>', '2010-03-06 00:00:00', null);
INSERT INTO `news` VALUES ('57', '清雅最新动向', '1', '<p>\r\n<p>&nbsp;</p>\r\n</p>\r\n<p style=\"line-height: 25px; text-indent: 25px; font-size: 14px\">美国时间3月17日，在Oracle收购Sun Microsystems之后，Java之父James Gosling首度在公开场合露面，他一如既往保持着对Java的高度关注，并表示Java在Oracle的掌管下令人放心，随后他还透露了Java的发展方向。</p>\r\n<p style=\"line-height: 25px; text-indent: 25px; font-size: 14px\">Gosling是在TheServerSide Java Symposium上发表这份公开说明的，当时他的报告主题是Java Today and Tomorrow。他表示目睹了Oracle掌舵Java的方向之后，他深受鼓舞，Java的未来不需要担忧，关于Java的运营以及其技术的发展仍在向着有利的方向继续。</p>\r\n<p style=\"line-height: 25px; text-indent: 25px; font-size: 14px\">Gosling还公布了一份最新的Java报告，比如JRE (Java Runtime Environment)的每周下载量为1500万；共有100亿个Java-enabled的应用；10亿个Java-enabled的桌面；一亿个Java-enabled的TV设备；26亿个Java-enabled的移动设备；55亿个Java智能卡以及超过650万名Java开发者。</p>\r\n<p style=\"line-height: 25px; text-indent: 25px; font-size: 14px\">尽管目前大家看到的大多是Oracle在企业端Java的努力，但Gosling表示，Oracle同样也在致力于Java在桌面端、嵌入式、移动领域、高性能计算机及其他系统方面的发展。他说，所有这一切的原则是网络，网络将这些应用和功能链接。</p>\r\n<p style=\"line-height: 25px; text-indent: 25px; font-size: 14px\">谈到企业端Java，Gosling表示Java EE 6 (Java Platform, Enterprise Edition 6)将是下一代企业软件的基础， Java社区及许多开发者在2009年11月促使了Java EE 6 specification的认可，并发布和升级了一些Java API，Gosling对此表示感谢。</p>\r\n<p style=\"line-height: 25px; text-indent: 25px; font-size: 14px\">Gosling表示，Java EE 6以模块化为中心，引入了profiles的概念，但是有两个profiles，一个是full profile，另一个是Web profile。Web profile是第一个被定义的Java EE profile，对于现代Web应用开发它是一个功能全面的中型堆栈。</p>', '2010-03-06 00:00:00', null);
INSERT INTO `news` VALUES ('58', '清雅最新动向', '1', '<p>&nbsp;</p>\r\n<p>&nbsp;</p>\r\n<p>&nbsp;</p>\r\n<p style=\"line-height: 25px; text-indent: 25px; font-size: 14px\">美国时间3月17日，在Oracle收购Sun Microsystems之后，Java之父James Gosling首度在公开场合露面，他一如既往保持着对Java的高度关注，并表示Java在Oracle的掌管下令人放心，随后他还透露了Java的发展方向。</p>\r\n<p style=\"line-height: 25px; text-indent: 25px; font-size: 14px\">Gosling是在TheServerSide Java Symposium上发表这份公开说明的，当时他的报告主题是Java Today and Tomorrow。他表示目睹了Oracle掌舵Java的方向之后，他深受鼓舞，Java的未来不需要担忧，关于Java的运营以及其技术的发展仍在向着有利的方向继续。</p>\r\n<p style=\"line-height: 25px; text-indent: 25px; font-size: 14px\">Gosling还公布了一份最新的Java报告，比如JRE (Java Runtime Environment)的每周下载量为1500万；共有100亿个Java-enabled的应用；10亿个Java-enabled的桌面；一亿个Java-enabled的TV设备；26亿个Java-enabled的移动设备；55亿个Java智能卡以及超过650万名Java开发者。</p>\r\n<p style=\"line-height: 25px; text-indent: 25px; font-size: 14px\">尽管目前大家看到的大多是Oracle在企业端Java的努力，但Gosling表示，Oracle同样也在致力于Java在桌面端、嵌入式、移动领域、高性能计算机及其他系统方面的发展。他说，所有这一切的原则是网络，网络将这些应用和功能链接。</p>\r\n<p style=\"line-height: 25px; text-indent: 25px; font-size: 14px\">谈到企业端Java，Gosling表示Java EE 6 (Java Platform, Enterprise Edition 6)将是下一代企业软件的基础， Java社区及许多开发者在2009年11月促使了Java EE 6 specification的认可，并发布和升级了一些Java API，Gosling对此表示感谢。</p>\r\n<p style=\"line-height: 25px; text-indent: 25px; font-size: 14px\">Gosling表示，Java EE 6以模块化为中心，引入了profiles的概念，但是有两个profiles，一个是full profile，另一个是Web profile。Web profile是第一个被定义的Java EE profile，对于现代Web应用开发它是一个功能全面的中型堆栈。</p>', '2010-03-06 00:00:00', null);
INSERT INTO `news` VALUES ('59', '清雅最新动向', '1', '<p>&nbsp;</p>\r\n<p>&nbsp;</p>\r\n<p>&nbsp;</p>\r\n<p style=\"line-height: 25px; text-indent: 25px; font-size: 14px\">美国时间3月17日，在Oracle收购Sun Microsystems之后，Java之父James Gosling首度在公开场合露面，他一如既往保持着对Java的高度关注，并表示Java在Oracle的掌管下令人放心，随后他还透露了Java的发展方向。</p>\r\n<p style=\"line-height: 25px; text-indent: 25px; font-size: 14px\">Gosling是在TheServerSide Java Symposium上发表这份公开说明的，当时他的报告主题是Java Today and Tomorrow。他表示目睹了Oracle掌舵Java的方向之后，他深受鼓舞，Java的未来不需要担忧，关于Java的运营以及其技术的发展仍在向着有利的方向继续。</p>\r\n<p style=\"line-height: 25px; text-indent: 25px; font-size: 14px\">Gosling还公布了一份最新的Java报告，比如JRE (Java Runtime Environment)的每周下载量为1500万；共有100亿个Java-enabled的应用；10亿个Java-enabled的桌面；一亿个Java-enabled的TV设备；26亿个Java-enabled的移动设备；55亿个Java智能卡以及超过650万名Java开发者。</p>\r\n<p style=\"line-height: 25px; text-indent: 25px; font-size: 14px\">尽管目前大家看到的大多是Oracle在企业端Java的努力，但Gosling表示，Oracle同样也在致力于Java在桌面端、嵌入式、移动领域、高性能计算机及其他系统方面的发展。他说，所有这一切的原则是网络，网络将这些应用和功能链接。</p>\r\n<p style=\"line-height: 25px; text-indent: 25px; font-size: 14px\">谈到企业端Java，Gosling表示Java EE 6 (Java Platform, Enterprise Edition 6)将是下一代企业软件的基础， Java社区及许多开发者在2009年11月促使了Java EE 6 specification的认可，并发布和升级了一些Java API，Gosling对此表示感谢。</p>\r\n<p style=\"line-height: 25px; text-indent: 25px; font-size: 14px\">Gosling表示，Java EE 6以模块化为中心，引入了profiles的概念，但是有两个profiles，一个是full profile，另一个是Web profile。Web profile是第一个被定义的Java EE profile，对于现代Web应用开发它是一个功能全面的中型堆栈。</p>', '2010-03-06 00:00:00', null);
INSERT INTO `news` VALUES ('60', '清雅最新动向', '1', '<p><span style=\"widows: 2; text-transform: none; text-indent: 0px; border-collapse: separate; font: medium Simsun; white-space: normal; orphans: 2; letter-spacing: normal; color: rgb(0,0,0); word-spacing: 0px; -webkit-border-horizontal-spacing: 0px; -webkit-border-vertical-spacing: 0px; -webkit-text-decorations-in-effect: none; -webkit-text-size-adjust: auto; -webkit-text-stroke-width: 0px\" class=\"Apple-style-span\"><span style=\"text-align: left; line-height: 18px; font-family: verdana, sans-serif; font-size: 12px\" class=\"Apple-style-span\">\r\n<p style=\"line-height: 25px; text-indent: 25px; font-size: 14px\">美国时间3月17日，在Oracle收购Sun Microsystems之后，Java之父James Gosling首度在公开场合露面，他一如既往保持着对Java的高度关注，并表示Java在Oracle的掌管下令人放心，随后他还透露了Java的发展方向。</p>\r\n<p style=\"line-height: 25px; text-indent: 25px; font-size: 14px\">Gosling是在TheServerSide Java Symposium上发表这份公开说明的，当时他的报告主题是Java Today and Tomorrow。他表示目睹了Oracle掌舵Java的方向之后，他深受鼓舞，Java的未来不需要担忧，关于Java的运营以及其技术的发展仍在向着有利的方向继续。</p>\r\n<p style=\"line-height: 25px; text-indent: 25px; font-size: 14px\">Gosling还公布了一份最新的Java报告，比如JRE (Java Runtime Environment)的每周下载量为1500万；共有100亿个Java-enabled的应用；10亿个Java-enabled的桌面；一亿个Java-enabled的TV设备；26亿个Java-enabled的移动设备；55亿个Java智能卡以及超过650万名Java开发者。</p>\r\n<p style=\"line-height: 25px; text-indent: 25px; font-size: 14px\">尽管目前大家看到的大多是Oracle在企业端Java的努力，但Gosling表示，Oracle同样也在致力于Java在桌面端、嵌入式、移动领域、高性能计算机及其他系统方面的发展。他说，所有这一切的原则是网络，网络将这些应用和功能链接。</p>\r\n<p style=\"line-height: 25px; text-indent: 25px; font-size: 14px\">谈到企业端Java，Gosling表示Java EE 6 (Java Platform, Enterprise Edition 6)将是下一代企业软件的基础， Java社区及许多开发者在2009年11月促使了Java EE 6 specification的认可，并发布和升级了一些Java API，Gosling对此表示感谢。</p>\r\n<p style=\"line-height: 25px; text-indent: 25px; font-size: 14px\">Gosling表示，Java EE 6以模块化为中心，引入了profiles的概念，但是有两个profiles，一个是full profile，另一个是Web profile。Web profile是第一个被定义的Java EE profile，对于现代Web应用开发它是一个功能全面的中型堆栈。</p>\r\n</span></span></p>', '2010-03-06 00:00:00', null);
INSERT INTO `news` VALUES ('61', '清雅最新动向', '1', '<p>\r\n<p>&nbsp;</p>\r\n</p>\r\n<p style=\"line-height: 25px; text-indent: 25px; font-size: 14px\">美国时间3月17日，在Oracle收购Sun Microsystems之后，Java之父James Gosling首度在公开场合露面，他一如既往保持着对Java的高度关注，并表示Java在Oracle的掌管下令人放心，随后他还透露了Java的发展方向。</p>\r\n<p style=\"line-height: 25px; text-indent: 25px; font-size: 14px\">Gosling是在TheServerSide Java Symposium上发表这份公开说明的，当时他的报告主题是Java Today and Tomorrow。他表示目睹了Oracle掌舵Java的方向之后，他深受鼓舞，Java的未来不需要担忧，关于Java的运营以及其技术的发展仍在向着有利的方向继续。</p>\r\n<p style=\"line-height: 25px; text-indent: 25px; font-size: 14px\">Gosling还公布了一份最新的Java报告，比如JRE (Java Runtime Environment)的每周下载量为1500万；共有100亿个Java-enabled的应用；10亿个Java-enabled的桌面；一亿个Java-enabled的TV设备；26亿个Java-enabled的移动设备；55亿个Java智能卡以及超过650万名Java开发者。</p>\r\n<p style=\"line-height: 25px; text-indent: 25px; font-size: 14px\">尽管目前大家看到的大多是Oracle在企业端Java的努力，但Gosling表示，Oracle同样也在致力于Java在桌面端、嵌入式、移动领域、高性能计算机及其他系统方面的发展。他说，所有这一切的原则是网络，网络将这些应用和功能链接。</p>\r\n<p style=\"line-height: 25px; text-indent: 25px; font-size: 14px\">谈到企业端Java，Gosling表示Java EE 6 (Java Platform, Enterprise Edition 6)将是下一代企业软件的基础， Java社区及许多开发者在2009年11月促使了Java EE 6 specification的认可，并发布和升级了一些Java API，Gosling对此表示感谢。</p>\r\n<p style=\"line-height: 25px; text-indent: 25px; font-size: 14px\">Gosling表示，Java EE 6以模块化为中心，引入了profiles的概念，但是有两个profiles，一个是full profile，另一个是Web profile。Web profile是第一个被定义的Java EE profile，对于现代Web应用开发它是一个功能全面的中型堆栈。</p>', '2010-03-06 00:00:00', null);
INSERT INTO `news` VALUES ('62', '清雅最新动向', '1', '<p>&nbsp;</p>\r\n<p>&nbsp;</p>\r\n<p>&nbsp;</p>\r\n<p style=\"line-height: 25px; text-indent: 25px; font-size: 14px\">美国时间3月17日，在Oracle收购Sun Microsystems之后，Java之父James Gosling首度在公开场合露面，他一如既往保持着对Java的高度关注，并表示Java在Oracle的掌管下令人放心，随后他还透露了Java的发展方向。</p>\r\n<p style=\"line-height: 25px; text-indent: 25px; font-size: 14px\">Gosling是在TheServerSide Java Symposium上发表这份公开说明的，当时他的报告主题是Java Today and Tomorrow。他表示目睹了Oracle掌舵Java的方向之后，他深受鼓舞，Java的未来不需要担忧，关于Java的运营以及其技术的发展仍在向着有利的方向继续。</p>\r\n<p style=\"line-height: 25px; text-indent: 25px; font-size: 14px\">Gosling还公布了一份最新的Java报告，比如JRE (Java Runtime Environment)的每周下载量为1500万；共有100亿个Java-enabled的应用；10亿个Java-enabled的桌面；一亿个Java-enabled的TV设备；26亿个Java-enabled的移动设备；55亿个Java智能卡以及超过650万名Java开发者。</p>\r\n<p style=\"line-height: 25px; text-indent: 25px; font-size: 14px\">尽管目前大家看到的大多是Oracle在企业端Java的努力，但Gosling表示，Oracle同样也在致力于Java在桌面端、嵌入式、移动领域、高性能计算机及其他系统方面的发展。他说，所有这一切的原则是网络，网络将这些应用和功能链接。</p>\r\n<p style=\"line-height: 25px; text-indent: 25px; font-size: 14px\">谈到企业端Java，Gosling表示Java EE 6 (Java Platform, Enterprise Edition 6)将是下一代企业软件的基础， Java社区及许多开发者在2009年11月促使了Java EE 6 specification的认可，并发布和升级了一些Java API，Gosling对此表示感谢。</p>\r\n<p style=\"line-height: 25px; text-indent: 25px; font-size: 14px\">Gosling表示，Java EE 6以模块化为中心，引入了profiles的概念，但是有两个profiles，一个是full profile，另一个是Web profile。Web profile是第一个被定义的Java EE profile，对于现代Web应用开发它是一个功能全面的中型堆栈。</p>', '2010-03-06 00:00:00', null);

-- ----------------------------
-- Table structure for `newscat`
-- ----------------------------
DROP TABLE IF EXISTS `newscat`;
CREATE TABLE `newscat` (
  `id` bigint(20) NOT NULL AUTO_INCREMENT,
  `catname` varchar(200) DEFAULT NULL,
  `catorder` bigint(20) DEFAULT NULL,
  PRIMARY KEY (`id`)
) ENGINE=InnoDB AUTO_INCREMENT=3 DEFAULT CHARSET=utf8;

-- ----------------------------
-- Records of newscat
-- ----------------------------
INSERT INTO `newscat` VALUES ('1', '公司新闻', '1');
INSERT INTO `newscat` VALUES ('2', '行业新闻', '2');

-- ----------------------------
-- Table structure for `service`
-- ----------------------------
DROP TABLE IF EXISTS `service`;
CREATE TABLE `service` (
  `id` bigint(20) NOT NULL AUTO_INCREMENT,
  `servicename` varchar(200) NOT NULL,
  `pubtime` datetime NOT NULL,
  `servicedesc` text NOT NULL,
  `rootid` bigint(20) NOT NULL,
  `catid` bigint(20) NOT NULL,
  `servicepic` varchar(256) NOT NULL,
  PRIMARY KEY (`id`)
) ENGINE=InnoDB AUTO_INCREMENT=2 DEFAULT CHARSET=utf8;

-- ----------------------------
-- Records of service
-- ----------------------------
INSERT INTO `service` VALUES ('1', '清雅简介内容', '2010-03-19 00:00:00', '<p>中国画中的山水画自隋唐以来发展变化的轨迹犹如群山起伏，重峦叠嶂，高峰迭起，无论是工笔重彩的青绿山水，还是淡雅轻墨的水墨山水，都有其独特的面貌出现在历史的画卷之上，成为人类<a style=\"padding-bottom: 0px; margin: 0px; padding-left: 0px; padding-right: 0px; color: rgb(0,0,255); text-decoration: underline; padding-top: 0px\" target=\"_blank\" href=\"http://www.artxun.com/painting/\">绘画</a>文明史上的瑰宝，为世人所称道。林林总总的精美山水画卷，为后人留下了十分珍贵的精神财富。山水画之所以受到了人们的喜爱和欢迎，首先，主要是由于山水画所表现的内容能够代表或抒发出人们内心世界对世界的感受，能够宣泄出人们对现实的困惑、无奈，从而找到一个可以寓意抒情的载体进而达到&ldquo;畅神&rdquo;的目的，能够表现出人类对自然的&ldquo;观照&rdquo;思想和对自然现象的种种感悟；其次，山水画让人观之眼前为之一亮，心胸为之豁然，心潮为之起伏跌宕，能够产生出浮想联翩的奇思妙想。正如一些明白人所讲得，画养眼就是好看、耐看；心喜，就是观后心里产生快乐，从而产生了强烈的审美欲望，在心理上产生了一种文化积累后的爆发，产生出强烈的审美效果；第三，由于山水画具有&ldquo;咫尺之内，而瞻万里之遥；方寸之中，乃辨千寻之峻&rdquo;的浓缩和再现自然景观的功能，让真山真水重新耸立在人们的面前，使人不出门就能目睹奇山妙水的真面貌，这种将自然之妙通过<a style=\"padding-bottom: 0px; margin: 0px; padding-left: 0px; padding-right: 0px; color: rgb(0,0,255); text-decoration: underline; padding-top: 0px\" target=\"_blank\" href=\"http://www.artxun.com/tag/50/bimo-24695/1.html\">笔墨</a>关系的变化来再现给世人，使世人神游于大自然，感受到大自然的雄浑、清雅、苍郁、奇妙、独特等原始魅力，使人产生一种喜爱自然、关注自然、融入自然的感受，这也是山水画&ldquo;澄怀观&rdquo;和&ldquo;道法自然&rdquo;的魅力所在。众所周知，中国画基本是线条和墨的艺术，特别是山水画，都是由笔墨关系的构成而或图或画。笔者，墨者，历来众说纷纭。南派绘画大师潘天寿先生曾讲过：&ldquo;画者，画也，既以线为界，而或其画也。笔为骨，墨与彩色为血肉，气息神情为灵魂，风韵格趣为意志，能具此，活矣。</p>', '2', '1', 'logo_01.jpg');

-- ----------------------------
-- Table structure for `servicecat`
-- ----------------------------
DROP TABLE IF EXISTS `servicecat`;
CREATE TABLE `servicecat` (
  `id` bigint(20) NOT NULL AUTO_INCREMENT,
  `catname` varchar(200) DEFAULT NULL,
  `rootid` bigint(20) DEFAULT NULL,
  `catdesc` text,
  `catorder` bigint(20) DEFAULT NULL,
  PRIMARY KEY (`id`)
) ENGINE=InnoDB AUTO_INCREMENT=15 DEFAULT CHARSET=utf8;

-- ----------------------------
-- Records of servicecat
-- ----------------------------
INSERT INTO `servicecat` VALUES ('1', '清雅简介', '2', '<p><span style=\"widows: 2; text-transform: none; text-indent: 0px; border-collapse: separate; font: medium Simsun; white-space: normal; orphans: 2; letter-spacing: normal; color: rgb(0,0,0); word-spacing: 0px; -webkit-border-horizontal-spacing: 0px; -webkit-border-vertical-spacing: 0px; -webkit-text-decorations-in-effect: none; -webkit-text-size-adjust: auto; -webkit-text-stroke-width: 0px\" class=\"Apple-style-span\"><span style=\"text-align: left; line-height: 18px; font-family: Arial, 宋体; font-size: 14px\" class=\"Apple-style-span\">\r\n<p style=\"padding-bottom: 0px; text-indent: 24px; margin: 0px 0px 16px; padding-left: 0px; padding-right: 0px; padding-top: 0px\">中国画中的山水画自隋唐以来发展变化的轨迹犹如群山起伏，重峦叠嶂，高峰迭起，无论是工笔重彩的青绿山水，还是淡雅轻墨的水墨山水，都有其独特的面貌出现在历史的画卷之上，成为人类<a style=\"padding-bottom: 0px; margin: 0px; padding-left: 0px; padding-right: 0px; color: rgb(0,0,255); text-decoration: underline; padding-top: 0px\" href=\"http://www.artxun.com/painting/\" target=\"_blank\">绘画</a>文明史上的瑰宝，为世人所称道。林林总总的精美山水画卷，为后人留下了十分珍贵的精神财富。山水画之所以受到了人们的喜爱和欢迎，首先，主要是由于山水画所表现的内容能够代表或抒发出人们内心世界对世界的感受，能够宣泄出人们对现实的困惑、无奈，从而找到一个可以寓意抒情的载体进而达到&ldquo;畅神&rdquo;的目的，能够表现出人类对自然的&ldquo;观照&rdquo;思想和对自然现象的种种感悟；其次，山水画让人观之眼前为之一亮，心胸为之豁然，心潮为之起伏跌宕，能够产生出浮想联翩的奇思妙想。正如一些明白人所讲得，画养眼就是好看、耐看；心喜，就是观后心里产生快乐，从而产生了强烈的审美欲望，在心理上产生了一种文化积累后的爆发，产生出强烈的审美效果；第三，由于山水画具有&ldquo;咫尺之内，而瞻万里之遥；方寸之中，乃辨千寻之峻&rdquo;的浓缩和再现自然景观的功能，让真山真水重新耸立在人们的面前，使人不出门就能目睹奇山妙水的真面貌，这种将自然之妙通过<a style=\"padding-bottom: 0px; margin: 0px; padding-left: 0px; padding-right: 0px; color: rgb(0,0,255); text-decoration: underline; padding-top: 0px\" href=\"http://www.artxun.com/tag/50/bimo-24695/1.html\" target=\"_blank\">笔墨</a>关系的变化来再现给世人，使世人神游于大自然，感受到大自然的雄浑、清雅、苍郁、奇妙、独特等原始魅力，使人产生一种喜爱自然、关注自然、融入自然的感受，这也是山水画&ldquo;澄怀观&rdquo;和&ldquo;道法自然&rdquo;的魅力所在。</p>\r\n<p style=\"padding-bottom: 0px; text-indent: 24px; margin: 0px 0px 16px; padding-left: 0px; padding-right: 0px; padding-top: 0px\">　　众所周知，中国画基本是线条和墨的艺术，特别是山水画，都是由笔墨关系的构成而或图或画。笔者，墨者，历来众说纷纭。南派绘画大师潘天寿先生曾讲过：&ldquo;画者，画也，既以线为界，而或其画也。笔为骨，墨与彩色为血肉，气息神情为灵魂，风韵格趣为意志，能具此，活矣。</p>\r\n</span></span></p>', '1');
INSERT INTO `servicecat` VALUES ('2', '清雅团队', '2', '<p>&nbsp;</p>\r\n<p>&nbsp;</p>\r\n<p>&nbsp;</p>', '2');
INSERT INTO `servicecat` VALUES ('3', '清雅文化', '2', '<p>&nbsp;</p>\r\n<p><span style=\"widows: 2; text-transform: none; text-indent: 0px; border-collapse: separate; font: medium Simsun; white-space: normal; orphans: 2; letter-spacing: normal; color: rgb(0,0,0); word-spacing: 0px; -webkit-border-horizontal-spacing: 0px; -webkit-border-vertical-spacing: 0px; -webkit-text-decorations-in-effect: none; -webkit-text-size-adjust: auto; -webkit-text-stroke-width: 0px\" class=\"Apple-style-span\"><span style=\"text-align: left; line-height: 18px; font-family: Arial, 宋体; font-size: 14px\" class=\"Apple-style-span\">\r\n<p style=\"padding-bottom: 0px; text-indent: 24px; margin: 0px 0px 16px; padding-left: 0px; padding-right: 0px; padding-top: 0px\">中国画中的山水画自隋唐以来发展变化的轨迹犹如群山起伏，重峦叠嶂，高峰迭起，无论是工笔重彩的青绿山水，还是淡雅轻墨的水墨山水，都有其独特的面貌出现在历史的画卷之上，成为人类<a style=\"padding-bottom: 0px; margin: 0px; padding-left: 0px; padding-right: 0px; color: rgb(0,0,255); text-decoration: underline; padding-top: 0px\" href=\"http://www.artxun.com/painting/\" target=\"_blank\">绘画</a>文明史上的瑰宝，为世人所称道。林林总总的精美山水画卷，为后人留下了十分珍贵的精神财富。山水画之所以受到了人们的喜爱和欢迎，首先，主要是由于山水画所表现的内容能够代表或抒发出人们内心世界对世界的感受，能够宣泄出人们对现实的困惑、无奈，从而找到一个可以寓意抒情的载体进而达到&ldquo;畅神&rdquo;的目的，能够表现出人类对自然的&ldquo;观照&rdquo;思想和对自然现象的种种感悟；其次，山水画让人观之眼前为之一亮，心胸为之豁然，心潮为之起伏跌宕，能够产生出浮想联翩的奇思妙想。正如一些明白人所讲得，画养眼就是好看、耐看；心喜，就是观后心里产生快乐，从而产生了强烈的审美欲望，在心理上产生了一种文化积累后的爆发，产生出强烈的审美效果；第三，由于山水画具有&ldquo;咫尺之内，而瞻万里之遥；方寸之中，乃辨千寻之峻&rdquo;的浓缩和再现自然景观的功能，让真山真水重新耸立在人们的面前，使人不出门就能目睹奇山妙水的真面貌，这种将自然之妙通过<a style=\"padding-bottom: 0px; margin: 0px; padding-left: 0px; padding-right: 0px; color: rgb(0,0,255); text-decoration: underline; padding-top: 0px\" href=\"http://www.artxun.com/tag/50/bimo-24695/1.html\" target=\"_blank\">笔墨</a>关系的变化来再现给世人，使世人神游于大自然，感受到大自然的雄浑、清雅、苍郁、奇妙、独特等原始魅力，使人产生一种喜爱自然、关注自然、融入自然的感受，这也是山水画&ldquo;澄怀观&rdquo;和&ldquo;道法自然&rdquo;的魅力所在。</p>\r\n<p style=\"padding-bottom: 0px; text-indent: 24px; margin: 0px 0px 16px; padding-left: 0px; padding-right: 0px; padding-top: 0px\">　　众所周知，中国画基本是线条和墨的艺术，特别是山水画，都是由笔墨关系的构成而或图或画。笔者，墨者，历来众说纷纭。南派绘画大师潘天寿先生曾讲过：&ldquo;画者，画也，既以线为界，而或其画也。笔为骨，墨与彩色为血肉，气息神情为灵魂，风韵格趣为意志，能具此，活矣。</p>\r\n</span></span></p>', '3');
INSERT INTO `servicecat` VALUES ('4', '清雅福利', '2', '<p>&nbsp;</p>\r\n<p><span style=\"widows: 2; text-transform: none; text-indent: 0px; border-collapse: separate; font: medium Simsun; white-space: normal; orphans: 2; letter-spacing: normal; color: rgb(0,0,0); word-spacing: 0px; -webkit-border-horizontal-spacing: 0px; -webkit-border-vertical-spacing: 0px; -webkit-text-decorations-in-effect: none; -webkit-text-size-adjust: auto; -webkit-text-stroke-width: 0px\" class=\"Apple-style-span\"><span style=\"text-align: left; line-height: 18px; font-family: Arial, 宋体; font-size: 14px\" class=\"Apple-style-span\">\r\n<p style=\"padding-bottom: 0px; text-indent: 24px; margin: 0px 0px 16px; padding-left: 0px; padding-right: 0px; padding-top: 0px\">中国画中的山水画自隋唐以来发展变化的轨迹犹如群山起伏，重峦叠嶂，高峰迭起，无论是工笔重彩的青绿山水，还是淡雅轻墨的水墨山水，都有其独特的面貌出现在历史的画卷之上，成为人类<a style=\"padding-bottom: 0px; margin: 0px; padding-left: 0px; padding-right: 0px; color: rgb(0,0,255); text-decoration: underline; padding-top: 0px\" href=\"http://www.artxun.com/painting/\" target=\"_blank\">绘画</a>文明史上的瑰宝，为世人所称道。林林总总的精美山水画卷，为后人留下了十分珍贵的精神财富。山水画之所以受到了人们的喜爱和欢迎，首先，主要是由于山水画所表现的内容能够代表或抒发出人们内心世界对世界的感受，能够宣泄出人们对现实的困惑、无奈，从而找到一个可以寓意抒情的载体进而达到&ldquo;畅神&rdquo;的目的，能够表现出人类对自然的&ldquo;观照&rdquo;思想和对自然现象的种种感悟；其次，山水画让人观之眼前为之一亮，心胸为之豁然，心潮为之起伏跌宕，能够产生出浮想联翩的奇思妙想。正如一些明白人所讲得，画养眼就是好看、耐看；心喜，就是观后心里产生快乐，从而产生了强烈的审美欲望，在心理上产生了一种文化积累后的爆发，产生出强烈的审美效果；第三，由于山水画具有&ldquo;咫尺之内，而瞻万里之遥；方寸之中，乃辨千寻之峻&rdquo;的浓缩和再现自然景观的功能，让真山真水重新耸立在人们的面前，使人不出门就能目睹奇山妙水的真面貌，这种将自然之妙通过<a style=\"padding-bottom: 0px; margin: 0px; padding-left: 0px; padding-right: 0px; color: rgb(0,0,255); text-decoration: underline; padding-top: 0px\" href=\"http://www.artxun.com/tag/50/bimo-24695/1.html\" target=\"_blank\">笔墨</a>关系的变化来再现给世人，使世人神游于大自然，感受到大自然的雄浑、清雅、苍郁、奇妙、独特等原始魅力，使人产生一种喜爱自然、关注自然、融入自然的感受，这也是山水画&ldquo;澄怀观&rdquo;和&ldquo;道法自然&rdquo;的魅力所在。</p>\r\n<p style=\"padding-bottom: 0px; text-indent: 24px; margin: 0px 0px 16px; padding-left: 0px; padding-right: 0px; padding-top: 0px\">　　众所周知，中国画基本是线条和墨的艺术，特别是山水画，都是由笔墨关系的构成而或图或画。笔者，墨者，历来众说纷纭。南派绘画大师潘天寿先生曾讲过：&ldquo;画者，画也，既以线为界，而或其画也。笔为骨，墨与彩色为血肉，气息神情为灵魂，风韵格趣为意志，能具此，活矣。</p>\r\n</span></span></p>', '4');
INSERT INTO `servicecat` VALUES ('5', '服务内容', '2', '<p>&nbsp;</p>\r\n<p><span style=\"widows: 2; text-transform: none; text-indent: 0px; border-collapse: separate; font: medium Simsun; white-space: normal; orphans: 2; letter-spacing: normal; color: rgb(0,0,0); word-spacing: 0px; -webkit-border-horizontal-spacing: 0px; -webkit-border-vertical-spacing: 0px; -webkit-text-decorations-in-effect: none; -webkit-text-size-adjust: auto; -webkit-text-stroke-width: 0px\" class=\"Apple-style-span\"><span style=\"text-align: left; line-height: 18px; font-family: Arial, 宋体; font-size: 14px\" class=\"Apple-style-span\">\r\n<p style=\"padding-bottom: 0px; text-indent: 24px; margin: 0px 0px 16px; padding-left: 0px; padding-right: 0px; padding-top: 0px\">中国画中的山水画自隋唐以来发展变化的轨迹犹如群山起伏，重峦叠嶂，高峰迭起，无论是工笔重彩的青绿山水，还是淡雅轻墨的水墨山水，都有其独特的面貌出现在历史的画卷之上，成为人类<a style=\"padding-bottom: 0px; margin: 0px; padding-left: 0px; padding-right: 0px; color: rgb(0,0,255); text-decoration: underline; padding-top: 0px\" href=\"http://www.artxun.com/painting/\" target=\"_blank\">绘画</a>文明史上的瑰宝，为世人所称道。林林总总的精美山水画卷，为后人留下了十分珍贵的精神财富。山水画之所以受到了人们的喜爱和欢迎，首先，主要是由于山水画所表现的内容能够代表或抒发出人们内心世界对世界的感受，能够宣泄出人们对现实的困惑、无奈，从而找到一个可以寓意抒情的载体进而达到&ldquo;畅神&rdquo;的目的，能够表现出人类对自然的&ldquo;观照&rdquo;思想和对自然现象的种种感悟；其次，山水画让人观之眼前为之一亮，心胸为之豁然，心潮为之起伏跌宕，能够产生出浮想联翩的奇思妙想。正如一些明白人所讲得，画养眼就是好看、耐看；心喜，就是观后心里产生快乐，从而产生了强烈的审美欲望，在心理上产生了一种文化积累后的爆发，产生出强烈的审美效果；第三，由于山水画具有&ldquo;咫尺之内，而瞻万里之遥；方寸之中，乃辨千寻之峻&rdquo;的浓缩和再现自然景观的功能，让真山真水重新耸立在人们的面前，使人不出门就能目睹奇山妙水的真面貌，这种将自然之妙通过<a style=\"padding-bottom: 0px; margin: 0px; padding-left: 0px; padding-right: 0px; color: rgb(0,0,255); text-decoration: underline; padding-top: 0px\" href=\"http://www.artxun.com/tag/50/bimo-24695/1.html\" target=\"_blank\">笔墨</a>关系的变化来再现给世人，使世人神游于大自然，感受到大自然的雄浑、清雅、苍郁、奇妙、独特等原始魅力，使人产生一种喜爱自然、关注自然、融入自然的感受，这也是山水画&ldquo;澄怀观&rdquo;和&ldquo;道法自然&rdquo;的魅力所在。</p>\r\n<p style=\"padding-bottom: 0px; text-indent: 24px; margin: 0px 0px 16px; padding-left: 0px; padding-right: 0px; padding-top: 0px\">　　众所周知，中国画基本是线条和墨的艺术，特别是山水画，都是由笔墨关系的构成而或图或画。笔者，墨者，历来众说纷纭。南派绘画大师潘天寿先生曾讲过：&ldquo;画者，画也，既以线为界，而或其画也。笔为骨，墨与彩色为血肉，气息神情为灵魂，风韵格趣为意志，能具此，活矣。</p>\r\n</span></span></p>', '5');
INSERT INTO `servicecat` VALUES ('6', '加入我们', '6', '<p>&nbsp;</p>\r\n<p>&nbsp;</p>\r\n<p>&nbsp;</p>', '1');
INSERT INTO `servicecat` VALUES ('7', '法律声明', '8', '<p><span style=\"widows: 2; text-transform: none; text-indent: 0px; border-collapse: separate; font: medium Simsun; white-space: normal; orphans: 2; letter-spacing: normal; color: rgb(0,0,0); word-spacing: 0px; -webkit-border-horizontal-spacing: 0px; -webkit-border-vertical-spacing: 0px; -webkit-text-decorations-in-effect: none; -webkit-text-size-adjust: auto; -webkit-text-stroke-width: 0px\" class=\"Apple-style-span\"><span style=\"text-align: left; line-height: 18px; text-indent: 24px; font-family: Arial, ????; font-size: 14px\" class=\"Apple-style-span\"><span style=\"widows: 2; text-transform: none; text-indent: 0px; border-collapse: separate; font: medium Simsun; white-space: normal; orphans: 2; letter-spacing: normal; color: rgb(0,0,0); word-spacing: 0px; -webkit-border-horizontal-spacing: 0px; -webkit-border-vertical-spacing: 0px; -webkit-text-decorations-in-effect: none; -webkit-text-size-adjust: auto; -webkit-text-stroke-width: 0px\" class=\"Apple-style-span\"><span style=\"text-align: left; line-height: 18px; font-family: Arial, 宋体; font-size: 14px\" class=\"Apple-style-span\">\r\n<p style=\"padding-bottom: 0px; text-indent: 24px; margin: 0px 0px 16px; padding-left: 0px; padding-right: 0px; padding-top: 0px\">中国画中的山水画自隋唐以来发展变化的轨迹犹如群山起伏，重峦叠嶂，高峰迭起，无论是工笔重彩的青绿山水，还是淡雅轻墨的水墨山水，都有其独特的面貌出现在历史的画卷之上，成为人类<a style=\"padding-bottom: 0px; margin: 0px; padding-left: 0px; padding-right: 0px; color: rgb(0,0,255); text-decoration: underline; padding-top: 0px\" href=\"http://www.artxun.com/painting/\" target=\"_blank\">绘画</a>文明史上的瑰宝，为世人所称道。林林总总的精美山水画卷，为后人留下了十分珍贵的精神财富。山水画之所以受到了人们的喜爱和欢迎，首先，主要是由于山水画所表现的内容能够代表或抒发出人们内心世界对世界的感受，能够宣泄出人们对现实的困惑、无奈，从而找到一个可以寓意抒情的载体进而达到&ldquo;畅神&rdquo;的目的，能够表现出人类对自然的&ldquo;观照&rdquo;思想和对自然现象的种种感悟；其次，山水画让人观之眼前为之一亮，心胸为之豁然，心潮为之起伏跌宕，能够产生出浮想联翩的奇思妙想。正如一些明白人所讲得，画养眼就是好看、耐看；心喜，就是观后心里产生快乐，从而产生了强烈的审美欲望，在心理上产生了一种文化积累后的爆发，产生出强烈的审美效果；第三，由于山水画具有&ldquo;咫尺之内，而瞻万里之遥；方寸之中，乃辨千寻之峻&rdquo;的浓缩和再现自然景观的功能，让真山真水重新耸立在人们的面前，使人不出门就能目睹奇山妙水的真面貌，这种将自然之妙通过<a style=\"padding-bottom: 0px; margin: 0px; padding-left: 0px; padding-right: 0px; color: rgb(0,0,255); text-decoration: underline; padding-top: 0px\" href=\"http://www.artxun.com/tag/50/bimo-24695/1.html\" target=\"_blank\">笔墨</a>关系的变化来再现给世人，使世人神游于大自然，感受到大自然的雄浑、清雅、苍郁、奇妙、独特等原始魅力，使人产生一种喜爱自然、关注自然、融入自然的感受，这也是山水画&ldquo;澄怀观&rdquo;和&ldquo;道法自然&rdquo;的魅力所在。</p>\r\n<p style=\"padding-bottom: 0px; text-indent: 24px; margin: 0px 0px 16px; padding-left: 0px; padding-right: 0px; padding-top: 0px\">　　众所周知，中国画基本是线条和墨的艺术，特别是山水画，都是由笔墨关系的构成而或图或画。笔者，墨者，历来众说纷纭。南派绘画大师潘天寿先生曾讲过：&ldquo;画者，画也，既以线为界，而或其画也。笔为骨，墨与彩色为血肉，气息神情为灵魂，风韵格趣为意志，能具此，活矣。</p>\r\n</span></span></span></span></p>', '3');
INSERT INTO `servicecat` VALUES ('8', '网站地图', '8', '<p><span style=\"widows: 2; text-transform: none; text-indent: 0px; border-collapse: separate; font: medium Simsun; white-space: normal; orphans: 2; letter-spacing: normal; color: rgb(0,0,0); word-spacing: 0px; -webkit-border-horizontal-spacing: 0px; -webkit-border-vertical-spacing: 0px; -webkit-text-decorations-in-effect: none; -webkit-text-size-adjust: auto; -webkit-text-stroke-width: 0px\" class=\"Apple-style-span\"><span style=\"text-align: left; line-height: 18px; font-family: Arial, 宋体; font-size: 14px\" class=\"Apple-style-span\">\r\n<p style=\"padding-bottom: 0px; text-indent: 24px; margin: 0px 0px 16px; padding-left: 0px; padding-right: 0px; padding-top: 0px\">中国画中的山水画自隋唐以来发展变化的轨迹犹如群山起伏，重峦叠嶂，高峰迭起，无论是工笔重彩的青绿山水，还是淡雅轻墨的水墨山水，都有其独特的面貌出现在历史的画卷之上，成为人类<a style=\"padding-bottom: 0px; margin: 0px; padding-left: 0px; padding-right: 0px; color: rgb(0,0,255); text-decoration: underline; padding-top: 0px\" href=\"http://www.artxun.com/painting/\" target=\"_blank\">绘画</a>文明史上的瑰宝，为世人所称道。林林总总的精美山水画卷，为后人留下了十分珍贵的精神财富。山水画之所以受到了人们的喜爱和欢迎，首先，主要是由于山水画所表现的内容能够代表或抒发出人们内心世界对世界的感受，能够宣泄出人们对现实的困惑、无奈，从而找到一个可以寓意抒情的载体进而达到&ldquo;畅神&rdquo;的目的，能够表现出人类对自然的&ldquo;观照&rdquo;思想和对自然现象的种种感悟；其次，山水画让人观之眼前为之一亮，心胸为之豁然，心潮为之起伏跌宕，能够产生出浮想联翩的奇思妙想。正如一些明白人所讲得，画养眼就是好看、耐看；心喜，就是观后心里产生快乐，从而产生了强烈的审美欲望，在心理上产生了一种文化积累后的爆发，产生出强烈的审美效果；第三，由于山水画具有&ldquo;咫尺之内，而瞻万里之遥；方寸之中，乃辨千寻之峻&rdquo;的浓缩和再现自然景观的功能，让真山真水重新耸立在人们的面前，使人不出门就能目睹奇山妙水的真面貌，这种将自然之妙通过<a style=\"padding-bottom: 0px; margin: 0px; padding-left: 0px; padding-right: 0px; color: rgb(0,0,255); text-decoration: underline; padding-top: 0px\" href=\"http://www.artxun.com/tag/50/bimo-24695/1.html\" target=\"_blank\">笔墨</a>关系的变化来再现给世人，使世人神游于大自然，感受到大自然的雄浑、清雅、苍郁、奇妙、独特等原始魅力，使人产生一种喜爱自然、关注自然、融入自然的感受，这也是山水画&ldquo;澄怀观&rdquo;和&ldquo;道法自然&rdquo;的魅力所在。</p>\r\n<p style=\"padding-bottom: 0px; text-indent: 24px; margin: 0px 0px 16px; padding-left: 0px; padding-right: 0px; padding-top: 0px\">　　众所周知，中国画基本是线条和墨的艺术，特别是山水画，都是由笔墨关系的构成而或图或画。笔者，墨者，历来众说纷纭。南派绘画大师潘天寿先生曾讲过：&ldquo;画者，画也，既以线为界，而或其画也。笔为骨，墨与彩色为血肉，气息神情为灵魂，风韵格趣为意志，能具此，活矣。</p>\r\n</span></span></p>', '5');
INSERT INTO `servicecat` VALUES ('10', '联系我们', '7', '<p>&nbsp;</p>\r\n<p>&nbsp;</p>\r\n<p>&nbsp;</p>', '1');
INSERT INTO `servicecat` VALUES ('11', '公司新闻', '4', '<p><span style=\"widows: 2; text-transform: none; text-indent: 0px; border-collapse: separate; font: medium Simsun; white-space: normal; orphans: 2; letter-spacing: normal; color: rgb(0,0,0); word-spacing: 0px; -webkit-border-horizontal-spacing: 0px; -webkit-border-vertical-spacing: 0px; -webkit-text-decorations-in-effect: none; -webkit-text-size-adjust: auto; -webkit-text-stroke-width: 0px\" class=\"Apple-style-span\"><span style=\"text-align: left; line-height: 18px; font-family: Arial, 宋体; font-size: 14px\" class=\"Apple-style-span\">\r\n<p style=\"padding-bottom: 0px; text-indent: 24px; margin: 0px 0px 16px; padding-left: 0px; padding-right: 0px; padding-top: 0px\">中国画中的山水画自隋唐以来发展变化的轨迹犹如群山起伏，重峦叠嶂，高峰迭起，无论是工笔重彩的青绿山水，还是淡雅轻墨的水墨山水，都有其独特的面貌出现在历史的画卷之上，成为人类<a style=\"padding-bottom: 0px; margin: 0px; padding-left: 0px; padding-right: 0px; color: rgb(0,0,255); text-decoration: underline; padding-top: 0px\" href=\"http://www.artxun.com/painting/\" target=\"_blank\">绘画</a>文明史上的瑰宝，为世人所称道。林林总总的精美山水画卷，为后人留下了十分珍贵的精神财富。山水画之所以受到了人们的喜爱和欢迎，首先，主要是由于山水画所表现的内容能够代表或抒发出人们内心世界对世界的感受，能够宣泄出人们对现实的困惑、无奈，从而找到一个可以寓意抒情的载体进而达到&ldquo;畅神&rdquo;的目的，能够表现出人类对自然的&ldquo;观照&rdquo;思想和对自然现象的种种感悟；其次，山水画让人观之眼前为之一亮，心胸为之豁然，心潮为之起伏跌宕，能够产生出浮想联翩的奇思妙想。正如一些明白人所讲得，画养眼就是好看、耐看；心喜，就是观后心里产生快乐，从而产生了强烈的审美欲望，在心理上产生了一种文化积累后的爆发，产生出强烈的审美效果；第三，由于山水画具有&ldquo;咫尺之内，而瞻万里之遥；方寸之中，乃辨千寻之峻&rdquo;的浓缩和再现自然景观的功能，让真山真水重新耸立在人们的面前，使人不出门就能目睹奇山妙水的真面貌，这种将自然之妙通过<a style=\"padding-bottom: 0px; margin: 0px; padding-left: 0px; padding-right: 0px; color: rgb(0,0,255); text-decoration: underline; padding-top: 0px\" href=\"http://www.artxun.com/tag/50/bimo-24695/1.html\" target=\"_blank\">笔墨</a>关系的变化来再现给世人，使世人神游于大自然，感受到大自然的雄浑、清雅、苍郁、奇妙、独特等原始魅力，使人产生一种喜爱自然、关注自然、融入自然的感受，这也是山水画&ldquo;澄怀观&rdquo;和&ldquo;道法自然&rdquo;的魅力所在。</p>\r\n<p style=\"padding-bottom: 0px; text-indent: 24px; margin: 0px 0px 16px; padding-left: 0px; padding-right: 0px; padding-top: 0px\">　　众所周知，中国画基本是线条和墨的艺术，特别是山水画，都是由笔墨关系的构成而或图或画。笔者，墨者，历来众说纷纭。南派绘画大师潘天寿先生曾讲过：&ldquo;画者，画也，既以线为界，而或其画也。笔为骨，墨与彩色为血肉，气息神情为灵魂，风韵格趣为意志，能具此，活矣。</p>\r\n</span></span></p>', '1');
INSERT INTO `servicecat` VALUES ('12', '行业新闻', '4', '<p><span style=\"widows: 2; text-transform: none; text-indent: 0px; border-collapse: separate; font: medium Simsun; white-space: normal; orphans: 2; letter-spacing: normal; color: rgb(0,0,0); word-spacing: 0px; -webkit-border-horizontal-spacing: 0px; -webkit-border-vertical-spacing: 0px; -webkit-text-decorations-in-effect: none; -webkit-text-size-adjust: auto; -webkit-text-stroke-width: 0px\" class=\"Apple-style-span\"><span style=\"text-align: left; line-height: 18px; font-family: Arial, 宋体; font-size: 14px\" class=\"Apple-style-span\">\r\n<p style=\"padding-bottom: 0px; text-indent: 24px; margin: 0px 0px 16px; padding-left: 0px; padding-right: 0px; padding-top: 0px\">中国画中的山水画自隋唐以来发展变化的轨迹犹如群山起伏，重峦叠嶂，高峰迭起，无论是工笔重彩的青绿山水，还是淡雅轻墨的水墨山水，都有其独特的面貌出现在历史的画卷之上，成为人类<a style=\"padding-bottom: 0px; margin: 0px; padding-left: 0px; padding-right: 0px; color: rgb(0,0,255); text-decoration: underline; padding-top: 0px\" href=\"http://www.artxun.com/painting/\" target=\"_blank\">绘画</a>文明史上的瑰宝，为世人所称道。林林总总的精美山水画卷，为后人留下了十分珍贵的精神财富。山水画之所以受到了人们的喜爱和欢迎，首先，主要是由于山水画所表现的内容能够代表或抒发出人们内心世界对世界的感受，能够宣泄出人们对现实的困惑、无奈，从而找到一个可以寓意抒情的载体进而达到&ldquo;畅神&rdquo;的目的，能够表现出人类对自然的&ldquo;观照&rdquo;思想和对自然现象的种种感悟；其次，山水画让人观之眼前为之一亮，心胸为之豁然，心潮为之起伏跌宕，能够产生出浮想联翩的奇思妙想。正如一些明白人所讲得，画养眼就是好看、耐看；心喜，就是观后心里产生快乐，从而产生了强烈的审美欲望，在心理上产生了一种文化积累后的爆发，产生出强烈的审美效果；第三，由于山水画具有&ldquo;咫尺之内，而瞻万里之遥；方寸之中，乃辨千寻之峻&rdquo;的浓缩和再现自然景观的功能，让真山真水重新耸立在人们的面前，使人不出门就能目睹奇山妙水的真面貌，这种将自然之妙通过<a style=\"padding-bottom: 0px; margin: 0px; padding-left: 0px; padding-right: 0px; color: rgb(0,0,255); text-decoration: underline; padding-top: 0px\" href=\"http://www.artxun.com/tag/50/bimo-24695/1.html\" target=\"_blank\">笔墨</a>关系的变化来再现给世人，使世人神游于大自然，感受到大自然的雄浑、清雅、苍郁、奇妙、独特等原始魅力，使人产生一种喜爱自然、关注自然、融入自然的感受，这也是山水画&ldquo;澄怀观&rdquo;和&ldquo;道法自然&rdquo;的魅力所在。</p>\r\n<p style=\"padding-bottom: 0px; text-indent: 24px; margin: 0px 0px 16px; padding-left: 0px; padding-right: 0px; padding-top: 0px\">　　众所周知，中国画基本是线条和墨的艺术，特别是山水画，都是由笔墨关系的构成而或图或画。笔者，墨者，历来众说纷纭。南派绘画大师潘天寿先生曾讲过：&ldquo;画者，画也，既以线为界，而或其画也。笔为骨，墨与彩色为血肉，气息神情为灵魂，风韵格趣为意志，能具此，活矣。</p>\r\n</span></span></p>', '2');
INSERT INTO `servicecat` VALUES ('13', '项目咨询', '5', '<p><span style=\"widows: 2; text-transform: none; text-indent: 0px; border-collapse: separate; font: medium Simsun; white-space: normal; orphans: 2; letter-spacing: normal; color: rgb(0,0,0); word-spacing: 0px; -webkit-border-horizontal-spacing: 0px; -webkit-border-vertical-spacing: 0px; -webkit-text-decorations-in-effect: none; -webkit-text-size-adjust: auto; -webkit-text-stroke-width: 0px\" class=\"Apple-style-span\"><span style=\"text-align: left; line-height: 18px; font-family: Arial, 宋体; font-size: 14px\" class=\"Apple-style-span\">\r\n<p style=\"padding-bottom: 0px; text-indent: 24px; margin: 0px 0px 16px; padding-left: 0px; padding-right: 0px; padding-top: 0px\">中国画中的山水画自隋唐以来发展变化的轨迹犹如群山起伏，重峦叠嶂，高峰迭起，无论是工笔重彩的青绿山水，还是淡雅轻墨的水墨山水，都有其独特的面貌出现在历史的画卷之上，成为人类<a style=\"padding-bottom: 0px; margin: 0px; padding-left: 0px; padding-right: 0px; color: rgb(0,0,255); text-decoration: underline; padding-top: 0px\" href=\"http://www.artxun.com/painting/\" target=\"_blank\">绘画</a>文明史上的瑰宝，为世人所称道。林林总总的精美山水画卷，为后人留下了十分珍贵的精神财富。山水画之所以受到了人们的喜爱和欢迎，首先，主要是由于山水画所表现的内容能够代表或抒发出人们内心世界对世界的感受，能够宣泄出人们对现实的困惑、无奈，从而找到一个可以寓意抒情的载体进而达到&ldquo;畅神&rdquo;的目的，能够表现出人类对自然的&ldquo;观照&rdquo;思想和对自然现象的种种感悟；其次，山水画让人观之眼前为之一亮，心胸为之豁然，心潮为之起伏跌宕，能够产生出浮想联翩的奇思妙想。正如一些明白人所讲得，画养眼就是好看、耐看；心喜，就是观后心里产生快乐，从而产生了强烈的审美欲望，在心理上产生了一种文化积累后的爆发，产生出强烈的审美效果；第三，由于山水画具有&ldquo;咫尺之内，而瞻万里之遥；方寸之中，乃辨千寻之峻&rdquo;的浓缩和再现自然景观的功能，让真山真水重新耸立在人们的面前，使人不出门就能目睹奇山妙水的真面貌，这种将自然之妙通过<a style=\"padding-bottom: 0px; margin: 0px; padding-left: 0px; padding-right: 0px; color: rgb(0,0,255); text-decoration: underline; padding-top: 0px\" href=\"http://www.artxun.com/tag/50/bimo-24695/1.html\" target=\"_blank\">笔墨</a>关系的变化来再现给世人，使世人神游于大自然，感受到大自然的雄浑、清雅、苍郁、奇妙、独特等原始魅力，使人产生一种喜爱自然、关注自然、融入自然的感受，这也是山水画&ldquo;澄怀观&rdquo;和&ldquo;道法自然&rdquo;的魅力所在。</p>\r\n<p style=\"padding-bottom: 0px; text-indent: 24px; margin: 0px 0px 16px; padding-left: 0px; padding-right: 0px; padding-top: 0px\">　　众所周知，中国画基本是线条和墨的艺术，特别是山水画，都是由笔墨关系的构成而或图或画。笔者，墨者，历来众说纷纭。南派绘画大师潘天寿先生曾讲过：&ldquo;画者，画也，既以线为界，而或其画也。笔为骨，墨与彩色为血肉，气息神情为灵魂，风韵格趣为意志，能具此，活矣。</p>\r\n</span></span></p>', '1');
INSERT INTO `servicecat` VALUES ('14', '项目案例', '3', '<p><span style=\"widows: 2; text-transform: none; text-indent: 0px; border-collapse: separate; font: medium Simsun; white-space: normal; orphans: 2; letter-spacing: normal; color: rgb(0,0,0); word-spacing: 0px; -webkit-border-horizontal-spacing: 0px; -webkit-border-vertical-spacing: 0px; -webkit-text-decorations-in-effect: none; -webkit-text-size-adjust: auto; -webkit-text-stroke-width: 0px\" class=\"Apple-style-span\"><span style=\"text-align: left; line-height: 18px; font-family: Arial, 宋体; font-size: 14px\" class=\"Apple-style-span\">\r\n<p style=\"padding-bottom: 0px; text-indent: 24px; margin: 0px 0px 16px; padding-left: 0px; padding-right: 0px; padding-top: 0px\">中国画中的山水画自隋唐以来发展变化的轨迹犹如群山起伏，重峦叠嶂，高峰迭起，无论是工笔重彩的青绿山水，还是淡雅轻墨的水墨山水，都有其独特的面貌出现在历史的画卷之上，成为人类<a style=\"padding-bottom: 0px; margin: 0px; padding-left: 0px; padding-right: 0px; color: rgb(0,0,255); text-decoration: underline; padding-top: 0px\" href=\"http://www.artxun.com/painting/\" target=\"_blank\">绘画</a>文明史上的瑰宝，为世人所称道。林林总总的精美山水画卷，为后人留下了十分珍贵的精神财富。山水画之所以受到了人们的喜爱和欢迎，首先，主要是由于山水画所表现的内容能够代表或抒发出人们内心世界对世界的感受，能够宣泄出人们对现实的困惑、无奈，从而找到一个可以寓意抒情的载体进而达到&ldquo;畅神&rdquo;的目的，能够表现出人类对自然的&ldquo;观照&rdquo;思想和对自然现象的种种感悟；其次，山水画让人观之眼前为之一亮，心胸为之豁然，心潮为之起伏跌宕，能够产生出浮想联翩的奇思妙想。正如一些明白人所讲得，画养眼就是好看、耐看；心喜，就是观后心里产生快乐，从而产生了强烈的审美欲望，在心理上产生了一种文化积累后的爆发，产生出强烈的审美效果；第三，由于山水画具有&ldquo;咫尺之内，而瞻万里之遥；方寸之中，乃辨千寻之峻&rdquo;的浓缩和再现自然景观的功能，让真山真水重新耸立在人们的面前，使人不出门就能目睹奇山妙水的真面貌，这种将自然之妙通过<a style=\"padding-bottom: 0px; margin: 0px; padding-left: 0px; padding-right: 0px; color: rgb(0,0,255); text-decoration: underline; padding-top: 0px\" href=\"http://www.artxun.com/tag/50/bimo-24695/1.html\" target=\"_blank\">笔墨</a>关系的变化来再现给世人，使世人神游于大自然，感受到大自然的雄浑、清雅、苍郁、奇妙、独特等原始魅力，使人产生一种喜爱自然、关注自然、融入自然的感受，这也是山水画&ldquo;澄怀观&rdquo;和&ldquo;道法自然&rdquo;的魅力所在。</p>\r\n<p style=\"padding-bottom: 0px; text-indent: 24px; margin: 0px 0px 16px; padding-left: 0px; padding-right: 0px; padding-top: 0px\">　　众所周知，中国画基本是线条和墨的艺术，特别是山水画，都是由笔墨关系的构成而或图或画。笔者，墨者，历来众说纷纭。南派绘画大师潘天寿先生曾讲过：&ldquo;画者，画也，既以线为界，而或其画也。笔为骨，墨与彩色为血肉，气息神情为灵魂，风韵格趣为意志，能具此，活矣。</p>\r\n</span></span></p>', '1');

-- ----------------------------
-- Table structure for `serviceroot`
-- ----------------------------
DROP TABLE IF EXISTS `serviceroot`;
CREATE TABLE `serviceroot` (
  `id` bigint(20) NOT NULL AUTO_INCREMENT,
  `rootname` varchar(200) DEFAULT NULL,
  `rootorder` bigint(20) DEFAULT NULL,
  PRIMARY KEY (`id`)
) ENGINE=InnoDB AUTO_INCREMENT=9 DEFAULT CHARSET=utf8;

-- ----------------------------
-- Records of serviceroot
-- ----------------------------
INSERT INTO `serviceroot` VALUES ('1', '首页', '1');
INSERT INTO `serviceroot` VALUES ('2', '关于清雅', '2');
INSERT INTO `serviceroot` VALUES ('3', '项目案例', '3');
INSERT INTO `serviceroot` VALUES ('4', '新闻资讯', '4');
INSERT INTO `serviceroot` VALUES ('5', '项目咨询', '5');
INSERT INTO `serviceroot` VALUES ('6', '加入我们', '6');
INSERT INTO `serviceroot` VALUES ('7', '联系我们', '7');
INSERT INTO `serviceroot` VALUES ('8', '站点内容', '-1');
